province_id,province_th,province_en,district_id,district_th,district_en,lat,lon
81,กระบี่,Krabi,8108,เหนือคลอง,Nuea Khlong,8.074722,99.003611
81,กระบี่,Krabi,8107,ลำทับ,Lam Thap,8.071667,99.291667
81,กระบี่,Krabi,8106,ปลายพระยา,Plai Phraya,8.533333,98.862778
81,กระบี่,Krabi,8102,เขาพนม,Khao Phanom,8.264722,99.049167
81,กระบี่,Krabi,8105,อ่าวลึก,Ao Luek,8.3775,98.721667
81,กระบี่,Krabi,8101,เมืองกระบี่,Mueang Krabi,7.776940908,98.76289847
81,กระบี่,Krabi,8104,คลองท่อม,Khlong Thom,7.953333,99.145
81,กระบี่,Krabi,8103,เกาะลันตา,Ko Lanta,7.530737,99.093957
10,กรุงเทพมหานคร,Bangkok,1038,ลาดพร้าว,Lat Phrao,13.8241,100.6088
10,กรุงเทพมหานคร,Bangkok,1035,จอมทอง,Chom Thong,13.6991,100.4673
10,กรุงเทพมหานคร,Bangkok,1034,สวนหลวง,Suan Luang,13.7204,100.6296
10,กรุงเทพมหานคร,Bangkok,1033,คลองเตย,Khlong Toei,13.7189,100.5672
10,กรุงเทพมหานคร,Bangkok,1031,บางคอแหลม,Bang Kho Laem,13.6982,100.5048
10,กรุงเทพมหานคร,Bangkok,1030,จตุจักร,Chatuchak,13.8339,100.5756
10,กรุงเทพมหานคร,Bangkok,1029,บางซื่อ,Bang Sue,13.8064,100.5308
10,กรุงเทพมหานคร,Bangkok,1028,สาทร,Sathon,13.715,100.5335
10,กรุงเทพมหานคร,Bangkok,1027,บึงกุ่ม,Bueng Kum,13.8038,100.6475
10,กรุงเทพมหานคร,Bangkok,1040,บางแค,Bang Khae,13.7098,100.3959
10,กรุงเทพมหานคร,Bangkok,1036,ดอนเมือง,Don Mueang,13.9272,100.5859
10,กรุงเทพมหานคร,Bangkok,1049,ทุ่งครุ,Thung Khru,13.6472,100.4958
10,กรุงเทพมหานคร,Bangkok,1050,บางบอน,Bang Bon,13.6592,100.3991
10,กรุงเทพมหานคร,Bangkok,1026,ดินแดง,Din Daeng,13.7605,100.5549
10,กรุงเทพมหานคร,Bangkok,1048,ทวีวัฒนา,Thawi Watthana,13.7878,100.3638
10,กรุงเทพมหานคร,Bangkok,1047,บางนา,Bang Na,13.6639,100.6132
10,กรุงเทพมหานคร,Bangkok,1046,คลองสามวา,Khlong Sam Wa,13.8601,100.704
10,กรุงเทพมหานคร,Bangkok,1045,วังทองหลาง,Wang Thonglang,13.7864,100.6087
10,กรุงเทพมหานคร,Bangkok,1044,สะพานสูง,Saphan Sung,13.7685,100.6918
10,กรุงเทพมหานคร,Bangkok,1043,คันนายาว,Khan Na Yao,13.8271,100.6743
10,กรุงเทพมหานคร,Bangkok,1042,สายไหม,Sai Mai,13.9047,100.6572
10,กรุงเทพมหานคร,Bangkok,1041,หลักสี่,Lak Si,13.8898,100.5696
10,กรุงเทพมหานคร,Bangkok,1037,ราชเทวี,Ratchathewi,13.758,100.5345
10,กรุงเทพมหานคร,Bangkok,1025,บางพลัด,Bang Phlat,13.7847,100.4945
10,กรุงเทพมหานคร,Bangkok,1032,ประเวศ,Prawet,13.7,100.6755
10,กรุงเทพมหานคร,Bangkok,1023,หนองแขม,Nong Chok,13.7054,100.3432
10,กรุงเทพมหานคร,Bangkok,1001,พระนคร,Phra Nakhon,13.7573,100.4951
10,กรุงเทพมหานคร,Bangkok,1002,ดุสิต,Dusit,13.7819,100.518
10,กรุงเทพมหานคร,Bangkok,1003,หนองจอก,Nong Khaem,13.8563,100.863
10,กรุงเทพมหานคร,Bangkok,1004,บางรัก,Bang Rak,13.7263,100.5279
10,กรุงเทพมหานคร,Bangkok,1005,บางเขน,Bang Khen,13.8644,100.6146
10,กรุงเทพมหานคร,Bangkok,1006,บางกะปิ,Bang Kapi,13.7628,100.6456
10,กรุงเทพมหานคร,Bangkok,1007,ปทุมวัน,Pathum Wan,13.7462,100.5308
10,กรุงเทพมหานคร,Bangkok,1008,ป้อมปราบศัตรูพ่าย,Pom Prap Sattru Phai,13.7515,100.5108
10,กรุงเทพมหานคร,Bangkok,1009,พระโขนง,Phra Khanong,13.6903,100.6086
10,กรุงเทพมหานคร,Bangkok,1010,มีนบุรี,Min Buri,13.8155,100.7353
10,กรุงเทพมหานคร,Bangkok,1024,ราษฎร์บูรณะ,Rat Burana,13.6715,100.5088
10,กรุงเทพมหานคร,Bangkok,1039,วัฒนา,Vadhana,13.7308,100.5864
10,กรุงเทพมหานคร,Bangkok,1015,ธนบุรี,Thon Buri,13.7078,100.4868
10,กรุงเทพมหานคร,Bangkok,1022,ภาษีเจริญ,Phasi Charoen,13.724,100.4385
10,กรุงเทพมหานคร,Bangkok,1021,บางขุนเทียน,Bang Khun Thian,13.6332,100.4267
10,กรุงเทพมหานคร,Bangkok,1020,บางกอกน้อย,Bangkok Noi,13.7548,100.4694
10,กรุงเทพมหานคร,Bangkok,1019,ตลิ่งชัน,Taling Chan,13.781,100.4309
10,กรุงเทพมหานคร,Bangkok,1018,คลองสาน,Khlong San,13.7287,100.501
10,กรุงเทพมหานคร,Bangkok,1017,ห้วยขวาง,Huai Khwang,13.7699,100.5865
10,กรุงเทพมหานคร,Bangkok,1016,บางกอกใหญ่,Bangkok Yai,13.7294,100.4741
10,กรุงเทพมหานคร,Bangkok,1011,ลาดกระบัง,Lat Krabang,13.7506,100.7943
10,กรุงเทพมหานคร,Bangkok,1014,พญาไท,Phaya Thai,13.7889,100.5529
10,กรุงเทพมหานคร,Bangkok,1012,ยานนาวา,Yan Nawa,13.6943,100.5394
10,กรุงเทพมหานคร,Bangkok,1013,สัมพันธวงศ์,Samphanthawong,13.7362,100.5136
71,กาญจนบุรี,Kanchanaburi,7101,เมืองกาญจนบุรี,Mueang Kanchanaburi,14.06987,99.32769
71,กาญจนบุรี,Kanchanaburi,7112,หนองปรือ,Nong Prue,14.67801,99.41075
71,กาญจนบุรี,Kanchanaburi,7113,ห้วยกระเจา,Huai Krachao,14.34056,99.67633
71,กาญจนบุรี,Kanchanaburi,7103,บ่อพลอย,Bo Phloi,14.32517,99.51467
71,กาญจนบุรี,Kanchanaburi,7104,ศรีสวัสดิ์,Si Sawat,14.689,99.028
71,กาญจนบุรี,Kanchanaburi,7105,ท่ามะกา,Tha Maka,13.9,99.76667
71,กาญจนบุรี,Kanchanaburi,7106,ท่าม่วง,Tha Muang,13.96118,99.64122
71,กาญจนบุรี,Kanchanaburi,7102,ไทรโยค,Sai Yok,14.25652,98.93372
71,กาญจนบุรี,Kanchanaburi,7108,สังขละบุรี,Sangkhla Buri,15.15553,98.45361
71,กาญจนบุรี,Kanchanaburi,7109,พนมทวน,Phanom Thuan,14.13031,99.69858
71,กาญจนบุรี,Kanchanaburi,7110,เลาขวัญ,Lao Khwan,14.65,99.8
71,กาญจนบุรี,Kanchanaburi,7107,ทองผาภูมิ,Thong Pha Phum,14.83277,98.69233
71,กาญจนบุรี,Kanchanaburi,7111,ด่านมะขามเตี้ย,Dan Makham Tia,13.85,99.417
46,กาฬสินธุ์,Kalasin,4608,ห้วยเม็ก,Huai Mek,16.58975,103.23547
46,กาฬสินธุ์,Kalasin,4609,สหัสขันธ์,Sahatsakhan,16.70987,103.57909
46,กาฬสินธุ์,Kalasin,4610,คำม่วง,Kham Muang,16.93884,103.6398
46,กาฬสินธุ์,Kalasin,4611,ท่าคันโท,Tha Khantho,16.88333,103.25
46,กาฬสินธุ์,Kalasin,4613,สมเด็จ,Somdet,16.704444,103.75
46,กาฬสินธุ์,Kalasin,4614,ห้วยผึ้ง,Huai Phueng,16.6521,103.8912
46,กาฬสินธุ์,Kalasin,4618,ฆ้องชัย,Khong Chai,16.25845,103.48167
46,กาฬสินธุ์,Kalasin,4617,ดอนจาน,Don Chan,16.46667,103.71667
46,กาฬสินธุ์,Kalasin,4616,นาคู,Na Khu,16.75018,104.00062
46,กาฬสินธุ์,Kalasin,4612,หนองกุงศรี,Nong Kung Si,16.65,103.3
46,กาฬสินธุ์,Kalasin,4605,กุฉินารายณ์,Kuchinarai,16.51977,104.05097
46,กาฬสินธุ์,Kalasin,4615,สามชัย,Sam Chai,16.86909,103.52243
46,กาฬสินธุ์,Kalasin,4602,นามน,Na Mon,16.56994,103.78015
46,กาฬสินธุ์,Kalasin,4607,ยางตลาด,Yang Talat,16.39982,103.36785
46,กาฬสินธุ์,Kalasin,4606,เขาวง,Khao Wong,16.70008,104.09019
46,กาฬสินธุ์,Kalasin,4603,กมลาไสย,Kamalasai,16.27999,103.6001
46,กาฬสินธุ์,Kalasin,4601,เมืองกาฬสินธุ์,Mueang Kalasin,16.50918,103.54984
46,กาฬสินธุ์,Kalasin,4604,ร่องคำ,Rong Kham,16.27925,103.71238
62,กำแพงเพชร,Kamphaeng Phet,6210,บึงสามัคคี,Bueng Samakkhi,16.2287,99.9689
62,กำแพงเพชร,Kamphaeng Phet,6208,ทรายทองวัฒนา,Sai Thong Watthana,16.3133,99.8316
62,กำแพงเพชร,Kamphaeng Phet,6207,ลานกระบือ,Lan Krabue,16.6055,99.8795
62,กำแพงเพชร,Kamphaeng Phet,6209,ปางศิลาทอง,Pang Sila Thong,16.0244,99.3451
62,กำแพงเพชร,Kamphaeng Phet,6201,เมืองกำแพงเพชร,Mueang Kamphaeng Phet,16.46,99.5006
62,กำแพงเพชร,Kamphaeng Phet,6202,ไทรงาม,Sai Ngam,16.4435,99.8571
62,กำแพงเพชร,Kamphaeng Phet,6203,คลองลาน,Khlong Lan,16.2854,99.2342
62,กำแพงเพชร,Kamphaeng Phet,6204,ขาณุวรลักษบุรี,Khanu Woralaksaburi,15.9863,99.6787
62,กำแพงเพชร,Kamphaeng Phet,6206,พรานกระต่าย,Phran Kratai,16.665,99.5883
62,กำแพงเพชร,Kamphaeng Phet,6211,โกสัมพีนคร,Kosamphi Nakhon,16.5857,99.3007
62,กำแพงเพชร,Kamphaeng Phet,6205,คลองขลุง,Khlong Khlung,16.2412,99.701
40,ขอนแก่น,Khon Kaen,4001,เมืองขอนแก่น,Mueang Khon Kaen,16.439625,102.828728
40,ขอนแก่น,Khon Kaen,4013,แวงใหญ่,Waeng Yai,15.92532,102.46221
40,ขอนแก่น,Khon Kaen,4012,พล,Phon,15.816,102.59981
40,ขอนแก่น,Khon Kaen,4019,เขาสวนกวาง,Khao Suan Kwang,16.91682,102.78206
40,ขอนแก่น,Khon Kaen,4022,โคกโพธิ์ไชย,Khok Pho Chai,16.07194,102.38428
40,ขอนแก่น,Khon Kaen,4023,หนองนาคำ,Nong Na Kham,16.8043,102.33647
40,ขอนแก่น,Khon Kaen,4018,ชนบท,Chonnabot,16.02249,102.55946
40,ขอนแก่น,Khon Kaen,4016,ภูเวียง,Phu Wiang,16.6791,102.39893
40,ขอนแก่น,Khon Kaen,4029,เวียงเก่า,Wiang Kao,15.9642,102.69074
40,ขอนแก่น,Khon Kaen,4011,เปือยน้อย,Pueai Noi,15.86978,102.90767
40,ขอนแก่น,Khon Kaen,4014,แวงน้อย,Waeng Noi,15.80631,102.42358
40,ขอนแก่น,Khon Kaen,4010,บ้านไผ่,Ban Phai,16.05997,102.73097
40,ขอนแก่น,Khon Kaen,4009,กระนวน,Kranuan,16.70672,103.07878
40,ขอนแก่น,Khon Kaen,4002,บ้านฝาง,Ban Fang,16.49162,102.61669
40,ขอนแก่น,Khon Kaen,4008,อุบลรัตน์,Ubolratana,16.77766,102.67536
40,ขอนแก่น,Khon Kaen,4024,บ้านแฮด,Ban Haet,16.20067,102.77465
40,ขอนแก่น,Khon Kaen,4015,หนองสองห้อง,Nong Song Hong,15.76419,102.79174
40,ขอนแก่น,Khon Kaen,4017,มัญจาคีรี,Mancha Khiri,16.117,102.55
40,ขอนแก่น,Khon Kaen,4007,น้ำพอง,Nam Phong,16.7,102.867
40,ขอนแก่น,Khon Kaen,4025,โนนศิลา,Non Sila,15.9642,102.69074
40,ขอนแก่น,Khon Kaen,4021,ซำสูง,Sam Sung,16.54306,103.07972
40,ขอนแก่น,Khon Kaen,4020,ภูผาม่าน,Phu Pha Man,16.71864,101.87081
40,ขอนแก่น,Khon Kaen,4003,พระยืน,Phra Yuen,16.30823,102.67108
40,ขอนแก่น,Khon Kaen,4006,สีชมพู,Si Chomphu,16.8,102.2
40,ขอนแก่น,Khon Kaen,4004,หนองเรือ,Nong Ruea,16.49166,102.44572
40,ขอนแก่น,Khon Kaen,4005,ชุมแพ,Chum Phae,16.61591,102.09619
22,จันทบุรี,Chanthaburi,2208,แก่งหางแมว,Kaeng Hang Maeo,13.0969,101.88543
22,จันทบุรี,Chanthaburi,2207,สอยดาว,Soi Dao,13.17034,102.22796
22,จันทบุรี,Chanthaburi,2206,แหลมสิงห์,Laem Sing,12.48164,102.07375
22,จันทบุรี,Chanthaburi,2204,โป่งน้ำร้อน,Pong Nam Ron,12.93467,102.37189
22,จันทบุรี,Chanthaburi,2210,เขาคิชฌกูฏ,Khao Khitchakut,12.93726,102.09762
22,จันทบุรี,Chanthaburi,2203,ท่าใหม่,Tha Mai,12.62137,102.00481
22,จันทบุรี,Chanthaburi,2202,ขลุง,Khlung,12.57246,102.30783
22,จันทบุรี,Chanthaburi,2201,เมืองจันทบุรี,Mueang Chanthaburi,12.60961,102.10447
22,จันทบุรี,Chanthaburi,2205,มะขาม,Makham,12.73333,102.21667
22,จันทบุรี,Chanthaburi,2209,นายายอาม,Na Yai Am,12.73833,101.87502
24,ฉะเชิงเทรา,Chachoengsao,2411,คลองเขื่อน,Khlong Khuean,13.79131,101.16353
24,ฉะเชิงเทรา,Chachoengsao,2410,ท่าตะเกียบ,Tha Takiap,13.3951,101.73457
24,ฉะเชิงเทรา,Chachoengsao,2409,แปลงยาว,Plaeng Yao,13.56381,101.33972
24,ฉะเชิงเทรา,Chachoengsao,2401,เมืองฉะเชิงเทรา,Mueang Chachoengsao,13.71758,101.02152
24,ฉะเชิงเทรา,Chachoengsao,2402,บางคล้า,Bang Khla,13.72144,101.20814
24,ฉะเชิงเทรา,Chachoengsao,2408,สนามชัยเขต,Sanam Chai Khet,13.62612,101.65475
24,ฉะเชิงเทรา,Chachoengsao,2407,ราชสาส์น,Ratchasan,13.7866,101.28136
24,ฉะเชิงเทรา,Chachoengsao,2404,บางปะกง,Bang Pakong,13.53241,100.96045
24,ฉะเชิงเทรา,Chachoengsao,2405,บ้านโพธิ์,Ban Pho,13.61,101.07838
24,ฉะเชิงเทรา,Chachoengsao,2406,พนมสารคาม,Phanom Sarakham,13.73806,101.41202
24,ฉะเชิงเทรา,Chachoengsao,2403,บางน้ำเปรี้ยว,Bang Nam Priao,13.84739,101.05306
20,ชลบุรี,Chonburi,2002,บ้านบึง,Ban Bueng,13.311,101.11214
20,ชลบุรี,Chonburi,2009,สัตหีบ,Sattahip,12.66644,100.90073
20,ชลบุรี,Chonburi,2011,เกาะจันทร์,Ko Chan,13.40253,101.388
20,ชลบุรี,Chonburi,2010,บ่อทอง,Bo Thong,13.24227,101.50864
20,ชลบุรี,Chonburi,2004,บางละมุง,Bang Lamung,13.04704,100.92891
20,ชลบุรี,Chonburi,2008,เกาะสีชัง,Ko Si Chang,13.15286,100.81156
20,ชลบุรี,Chonburi,2005,พานทอง,Phan Thong,13.46804,101.09532
20,ชลบุรี,Chonburi,2007,ศรีราชา,Si Racha,13.17372,100.93111
20,ชลบุรี,Chonburi,2003,หนองใหญ่,Nong Yai,13.11772,101.37471
20,ชลบุรี,Chonburi,2006,พนัสนิคม,Phanat Nikhom,13.44581,101.18445
20,ชลบุรี,Chonburi,2001,เมืองชลบุรี,Mueang Chon Buri,13.3622,100.98345
18,ชัยนาท,Chainat,1808,เนินขาม,Noen Kham,14.9829,99.8348
18,ชัยนาท,Chainat,1807,หนองมะโมง,Nong Mamong,15.2141,99.8348
18,ชัยนาท,Chainat,1806,หันคา,Hankha,15.0694,99.9689
18,ชัยนาท,Chainat,1805,สรรคบุรี,Sankhaburi,15.0133,100.1927
18,ชัยนาท,Chainat,1804,สรรพยา,Sapphaya,15.1375,100.243056
18,ชัยนาท,Chainat,1803,วัดสิงห์,Wat Sing,15.2081,99.9689
18,ชัยนาท,Chainat,1802,มโนรมย์,Manorom,15.3389,100.1479
18,ชัยนาท,Chainat,1801,เมืองชัยนาท,Mueang Chai Nat,15.2001,100.1479
36,ชัยภูมิ,Chaiyaphum,3613,คอนสาร,Khon San,16.49605084,102.0494713
36,ชัยภูมิ,Chaiyaphum,3615,เนินสง่า,Noen Sa-nga,15.55169,101.99408
36,ชัยภูมิ,Chaiyaphum,3616,ซับใหญ่,Sap Yai,15.6062,101.65005
36,ชัยภูมิ,Chaiyaphum,3611,บ้านแท่น,Ban Thaen,16.38167,102.35678
36,ชัยภูมิ,Chaiyaphum,3610,ภูเขียว,Phu Khiao,16.3194,102.209
36,ชัยภูมิ,Chaiyaphum,3609,เทพสถิต,Thep Sathit,15.7126,101.4793
36,ชัยภูมิ,Chaiyaphum,3608,หนองบัวระเหว,Nong Bua Rawe,15.7953,101.6613
36,ชัยภูมิ,Chaiyaphum,3607,บำเหน็จณรงค์,Bamnet Narong,15.4502,101.6385
36,ชัยภูมิ,Chaiyaphum,3606,จัตุรัส,Chatturat,15.6007,101.8436
36,ชัยภูมิ,Chaiyaphum,3605,หนองบัวแดง,Nong Bua Daeng,16.1215,101.6158
36,ชัยภูมิ,Chaiyaphum,3604,เกษตรสมบูรณ์,Kaset Sombun,16.3352,101.9348
36,ชัยภูมิ,Chaiyaphum,3603,คอนสวรรค์,Khon Sawan,15.9443,102.3006
36,ชัยภูมิ,Chaiyaphum,3602,บ้านเขว้า,Ban Khwao,15.8097,101.8208
36,ชัยภูมิ,Chaiyaphum,3601,เมืองชัยภูมิ,Mueang Chaiyaphum,15.8676,102.0261
36,ชัยภูมิ,Chaiyaphum,3614,ภักดีชุมพล,Phakdi Chumphon,15.905,101.421666
36,ชัยภูมิ,Chaiyaphum,3612,แก้งคร้อ,Kaeng Khro,16.10864,102.25808
86,ชุมพร,Chumphon,8606,พะโต๊ะ,Phato,9.791667,98.776667
86,ชุมพร,Chumphon,8607,สวี,Sawi,10.230116,99.091594
86,ชุมพร,Chumphon,8605,ละแม,Lamae,9.768333,99.091667
86,ชุมพร,Chumphon,8604,หลังสวน,Lang Suan,9.945,99.078333
86,ชุมพร,Chumphon,8601,เมืองชุมพร,Mueang Chumphon,10.493056,99.180278
86,ชุมพร,Chumphon,8602,ท่าแซะ,Tha Sae,10.665,99.173333
86,ชุมพร,Chumphon,8603,ปะทิว,Pathio,10.708333,99.318333
92,ตรัง,Trang,9210,หาดสำราญ,Hat Samran,7.23961,99.57848
92,ตรัง,Trang,9208,นาโยง,Na Yong,7.56257,99.74791
92,ตรัง,Trang,9207,วังวิเศษ,Wang Wiset,7.76061,99.40861
92,ตรัง,Trang,9209,รัษฎา,Ratsada,7.93779,99.66771
92,ตรัง,Trang,9205,สิเกา,Sikao,7.57122,99.33915
92,ตรัง,Trang,9204,ปะเหลียน,Palian,7.2334,99.79491
92,ตรัง,Trang,9203,ย่านตาขาว,Yan Ta Khao,7.4258,99.73438
92,ตรัง,Trang,9202,กันตัง,Kantang,7.40542,99.51561
92,ตรัง,Trang,9201,เมืองตรัง,Mueang Trang,7.55633,99.61141
92,ตรัง,Trang,9206,ห้วยยอด,Huai Yot,7.78937,99.63469
23,ตราด,Trat,2301,เมืองตราด,Mueang Trat,12.26667,102.60945
23,ตราด,Trat,2307,เกาะช้าง,Ko Chang,12.00171,102.37267
23,ตราด,Trat,2306,เกาะกูด,Ko Kut,11.65714,102.56694
23,ตราด,Trat,2305,แหลมงอบ,Laem Ngop,12.22028,102.36558
23,ตราด,Trat,2304,บ่อไร่,Bo Rai,12.57283,102.53714
23,ตราด,Trat,2303,เขาสมิง,Khao Saming,12.42885,102.41784
23,ตราด,Trat,2302,คลองใหญ่,Khlong Yai,11.8554,102.82596
63,ตาก,Tak,6301,เมืองตาก,Mueang Tak,16.86968,99.12898
63,ตาก,Tak,6302,บ้านตาก,Ban Tak,17.04325,99.08128
63,ตาก,Tak,6303,สามเงา,Sam Ngao,17.24331,99.02256
63,ตาก,Tak,6304,แม่ระมาด,Mae Ramat,16.966667,98.516667
63,ตาก,Tak,6309,วังเจ้า,Wang Chao,16.63311,99.14826
63,ตาก,Tak,6305,ท่าสองยาง,Tha Song Yang,17.226667,98.225
63,ตาก,Tak,6306,แม่สอด,Mae Sot,16.71667,98.56667
63,ตาก,Tak,6307,พบพระ,Phop Phra,16.4,98.717
63,ตาก,Tak,6308,อุ้มผาง,Umphang,16.016667,98.862778
26,นครนายก,Nakhon Nayok,2603,บ้านนา,Ban Na,14.2592,101.0683
26,นครนายก,Nakhon Nayok,2604,องครักษ์,Ongkharak,14.07554,101.00891
26,นครนายก,Nakhon Nayok,2602,ปากพลี,Pak Phli,14.22499,101.34482
26,นครนายก,Nakhon Nayok,2601,เมืองนครนายก,Mueang Nakhon Nayok,14.2773,101.23379
73,นครปฐม,Nakhon Pathom,7302,กำแพงแสน,Kamphaeng Saen,14.0341,99.9465
73,นครปฐม,Nakhon Pathom,7307,พุทธมณฑล,Phutthamonthon,13.8248,100.2937
73,นครปฐม,Nakhon Pathom,7306,สามพราน,Sam Phran,13.7242,100.2376
73,นครปฐม,Nakhon Pathom,7305,บางเลน,Bang Len,14.0229,100.2152
73,นครปฐม,Nakhon Pathom,7304,ดอนตูม,Don Tum,13.9478,100.0919
73,นครปฐม,Nakhon Pathom,7303,นครชัยศรี,Nakhon Chai Si,13.8176,100.1927
73,นครปฐม,Nakhon Pathom,7301,เมืองนครปฐม,Mueang Nakhon Pathom,13.825,100.0136
48,นครพนม,Nakhon Phanom,4808,ศรีสงคราม,Si Songkhram,17.62989,104.24495
48,นครพนม,Nakhon Phanom,4809,นาหว้า,Na Wa,17.4897,104.10056
48,นครพนม,Nakhon Phanom,4812,วังยาง,Wang Yang,17.05751,104.45333
48,นครพนม,Nakhon Phanom,4811,นาทม,Na Thom,17.82134,104.10871
48,นครพนม,Nakhon Phanom,4807,นาแก,Na Kae,16.95737,104.49349
48,นครพนม,Nakhon Phanom,4810,โพนสวรรค์,Phon Sawan,17.46868,104.42234
48,นครพนม,Nakhon Phanom,4806,เรณูนคร,Renu Nakhon,17.0508,104.65664
48,นครพนม,Nakhon Phanom,4802,ปลาปาก,Pla Pak,17.218,104.5306
48,นครพนม,Nakhon Phanom,4804,บ้านแพง,Ban Phaeng,17.86955,104.22744
48,นครพนม,Nakhon Phanom,4803,ท่าอุเทน,Tha Uthen,17.5768,104.5947
48,นครพนม,Nakhon Phanom,4801,เมืองนครพนม,Mueang Nakhon Phanom,17.31965,104.68232
48,นครพนม,Nakhon Phanom,4805,ธาตุพนม,That Phanom,16.93636,104.71039
30,นครราชสีมา,Nakhon Ratchasima,3018,สูงเนิน,Sung Noen,14.91794423,101.8098215
30,นครราชสีมา,Nakhon Ratchasima,3019,ขามทะเลสอ,Kham Thale So,14.96083,101.9475
30,นครราชสีมา,Nakhon Ratchasima,3020,สีคิ้ว,Sikhio,14.89167,101.72333
30,นครราชสีมา,Nakhon Ratchasima,3031,สีดา,Sida,15.5425,102.56583
30,นครราชสีมา,Nakhon Ratchasima,3021,ปากช่อง,Pak Chong,14.6552917,101.4339148
30,นครราชสีมา,Nakhon Ratchasima,3022,หนองบุญมาก,Nong Bun Mak,14.73972,102.36583
30,นครราชสีมา,Nakhon Ratchasima,3023,แก้งสนามนาง,Kaeng Sanam Nang,15.7696853,102.2701234
30,นครราชสีมา,Nakhon Ratchasima,3025,วังน้ำเขียว,Wang Nam Khiao,14.4708894,101.8246093
30,นครราชสีมา,Nakhon Ratchasima,3026,เทพารักษ์,Thepharak,15.30944,101.55056
30,นครราชสีมา,Nakhon Ratchasima,3027,เมืองยาง,Mueang Yang,15.42333,102.90167
30,นครราชสีมา,Nakhon Ratchasima,3030,บัวลาย,Bua Lai,15.66278,102.52722
30,นครราชสีมา,Nakhon Ratchasima,3029,ลำทะเมนชัย,Lam Thamenchai,15.353333,102.918333
30,นครราชสีมา,Nakhon Ratchasima,3028,พระทองคำ,Phra Thong Kham,15.30667,101.98167
30,นครราชสีมา,Nakhon Ratchasima,3017,ชุมพวง,Chum Phuang,15.348889,102.741944
30,นครราชสีมา,Nakhon Ratchasima,3024,โนนแดง,Non Daeng,15.41083,102.54028
30,นครราชสีมา,Nakhon Ratchasima,3016,ห้วยแถลง,Huai Thalaeng,15.0343203,102.7396875
30,นครราชสีมา,Nakhon Ratchasima,3011,ขามสะแกแสง,Kham Sakaesaeng,15.32944,102.17083
30,นครราชสีมา,Nakhon Ratchasima,3012,บัวใหญ่,Bua Yai,15.50678002,102.3969855
30,นครราชสีมา,Nakhon Ratchasima,3009,โนนไทย,Non Thai,15.27430626,102.1474181
30,นครราชสีมา,Nakhon Ratchasima,3008,ด่านขุนทด,Dan Khun Thot,15.20972,101.76583
30,นครราชสีมา,Nakhon Ratchasima,3007,โชคชัย,Chok Chai,14.69333841,102.1810966
30,นครราชสีมา,Nakhon Ratchasima,3006,จักราช,Chakkarat,15.013333,102.413333
30,นครราชสีมา,Nakhon Ratchasima,3005,บ้านเหลื่อม,Ban Lueam,15.63704614,102.1338802
30,นครราชสีมา,Nakhon Ratchasima,3004,คง,Khong,15.42230782,102.4190103
30,นครราชสีมา,Nakhon Ratchasima,3003,เสิงสาง,Soeng Sang,14.4254832,102.3962593
30,นครราชสีมา,Nakhon Ratchasima,3010,โนนสูง,Non Sung,15.20446914,102.3114206
30,นครราชสีมา,Nakhon Ratchasima,3002,ครบุรี,Khon Buri,14.523333,102.248333
30,นครราชสีมา,Nakhon Ratchasima,3013,ประทาย,Prathai,15.51920941,102.7911416
30,นครราชสีมา,Nakhon Ratchasima,3001,เมืองนครราชสีมา,Mueang Nakhon Ratchasima,14.971111,102.099722
30,นครราชสีมา,Nakhon Ratchasima,3014,ปักธงชัย,Pak Thong Chai,14.72296504,102.0255925
30,นครราชสีมา,Nakhon Ratchasima,3015,พิมาย,Phimai,15.220057,102.493849
80,นครศรีธรรมราช,Nakhon Si Thammarat,8015,ขนอม,Khanom,9.204722,99.861111
80,นครศรีธรรมราช,Nakhon Si Thammarat,8001,เมืองนครศรีธรรมราช,Mueang Nakhon Si Thammarat,8.42,99.963333
80,นครศรีธรรมราช,Nakhon Si Thammarat,8002,พรหมคีรี,Phrom Khiri,8.521667,99.825
80,นครศรีธรรมราช,Nakhon Si Thammarat,8003,ลานสกา,Lan Saka,8.371667,99.805
80,นครศรีธรรมราช,Nakhon Si Thammarat,8004,ฉวาง,Chawang,8.426111,99.504722
80,นครศรีธรรมราช,Nakhon Si Thammarat,8016,หัวไทร,Hua Sai,8.04,100.275
80,นครศรีธรรมราช,Nakhon Si Thammarat,8017,บางขัน,Bang Khan,8.026667,99.473333
80,นครศรีธรรมราช,Nakhon Si Thammarat,8018,ถ้ำพรรณรา,Tham Phannara,8.42,99.395
80,นครศรีธรรมราช,Nakhon Si Thammarat,8019,จุฬาภรณ์,Chulabhorn,8.075,99.87
80,นครศรีธรรมราช,Nakhon Si Thammarat,8020,พระพรหม,Phra Phrom,8.338333,99.901667
80,นครศรีธรรมราช,Nakhon Si Thammarat,8013,ร่อนพิบูลย์,Ron Phibun,8.18,99.855
80,นครศรีธรรมราช,Nakhon Si Thammarat,8012,ปากพนัง,Pak Phanang,8.358333,100.206667
80,นครศรีธรรมราช,Nakhon Si Thammarat,8011,ทุ่งใหญ่,Thung Yai,8.296667,99.375
80,นครศรีธรรมราช,Nakhon Si Thammarat,8010,นาบอน,Na Bon,8.261667,99.595
80,นครศรีธรรมราช,Nakhon Si Thammarat,8009,ทุ่งสง,Thung Song,8.1586515,99.6739885
80,นครศรีธรรมราช,Nakhon Si Thammarat,8007,ชะอวด,Cha-uat,7.965,99.998333
80,นครศรีธรรมราช,Nakhon Si Thammarat,8021,นบพิตำ,Nopphitam,8.678462335,99.82972193
80,นครศรีธรรมราช,Nakhon Si Thammarat,8022,ช้างกลาง,Chang Klang,8.374167,99.568056
80,นครศรีธรรมราช,Nakhon Si Thammarat,8006,เชียรใหญ่,Chian Yai,8.168333,100.145
80,นครศรีธรรมราช,Nakhon Si Thammarat,8005,พิปูน,Phipun,8.56,99.608333
80,นครศรีธรรมราช,Nakhon Si Thammarat,8014,สิชล,Sichon,9.006667,99.901667
80,นครศรีธรรมราช,Nakhon Si Thammarat,8008,ท่าศาลา,Tha Sala,8.666667,99.931667
60,นครสวรรค์,Nakhon Sawan,6008,ท่าตะโก,Tha Tako,15.6703,100.4846
60,นครสวรรค์,Nakhon Sawan,6006,เก้าเลี้ยว,Kao Liao,15.8971,100.1031
60,นครสวรรค์,Nakhon Sawan,6009,ไพศาลี,Phaisali,15.569,100.6647
60,นครสวรรค์,Nakhon Sawan,6005,บรรพตพิสัย,Banphot Phisai,15.9741,99.9465
60,นครสวรรค์,Nakhon Sawan,6010,พยุหะคีรี,Phayuha Khiri,15.4978,100.2152
60,นครสวรรค์,Nakhon Sawan,6004,หนองบัว,Nong Bua,15.865,100.586111
60,นครสวรรค์,Nakhon Sawan,6011,ลาดยาว,Lat Yao,15.7541,99.7905
60,นครสวรรค์,Nakhon Sawan,6003,ชุมแสง,Chum Saeng,15.8811,100.3025
60,นครสวรรค์,Nakhon Sawan,6012,ตากฟ้า,Tak Fa,15.3705,100.4621
60,นครสวรรค์,Nakhon Sawan,6002,โกรกพระ,Krok Phra,15.5765,100.0136
60,นครสวรรค์,Nakhon Sawan,6013,แม่วงก์,Mae Wong,15.8364,99.3895
60,นครสวรรค์,Nakhon Sawan,6001,เมืองนครสวรรค์,Mueang Nakhon Sawan,15.6873,100.1255
60,นครสวรรค์,Nakhon Sawan,6007,ตาคลี,Takhli,15.2823,100.3722
60,นครสวรรค์,Nakhon Sawan,6014,แม่เปิน,Mae Poen,15.6577,99.4691
60,นครสวรรค์,Nakhon Sawan,6015,ชุมตาบง,Chum Ta Bong,15.6316,99.5527
12,นนทบุรี,Nonthaburi,1205,ไทรน้อย,Sai Noi,14.0071,100.3161
12,นนทบุรี,Nonthaburi,1206,ปากเกร็ด,Pak Kret,13.9077,100.4959
12,นนทบุรี,Nonthaburi,1202,บางกรวย,Bang Kruai,13.8136,100.4228
12,นนทบุรี,Nonthaburi,1204,บางบัวทอง,Bang Bua Thong,13.9355,100.3835
12,นนทบุรี,Nonthaburi,1203,บางใหญ่,Bang Yai,13.8448,100.361
12,นนทบุรี,Nonthaburi,1201,เมืองนนทบุรี,Mueang Nonthaburi,13.862,100.4959
96,นราธิวาส,Narathiwat,9601,เมืองนราธิวาส,Mueang Narathiwat,6.42639,101.82308
96,นราธิวาส,Narathiwat,9602,ตากใบ,Tak Bai,6.25947,102.05461
96,นราธิวาส,Narathiwat,9603,บาเจาะ,Bacho,6.617,101.65
96,นราธิวาส,Narathiwat,9604,ยี่งอ,Yi-ngo,6.41655,101.70035
96,นราธิวาส,Narathiwat,9605,ระแงะ,Ra-ngae,6.25504,101.70496
96,นราธิวาส,Narathiwat,9606,รือเสาะ,Rueso,6.3745,101.51491
96,นราธิวาส,Narathiwat,9607,ศรีสาคร,Si Sakhon,6.1936,101.51257
96,นราธิวาส,Narathiwat,9608,แว้ง,Waeng,5.90042,101.86195
96,นราธิวาส,Narathiwat,9609,สุคิริน,Sukhirin,5.91513,101.73811
96,นราธิวาส,Narathiwat,9610,สุไหงโก-ลก,Su-ngai Kolok,6.0333332,101.9666628
96,นราธิวาส,Narathiwat,9611,สุไหงปาดี,Su-ngai Padi,6.085833,101.881389
96,นราธิวาส,Narathiwat,9612,จะแนะ,Chanae,6.111,101.69
96,นราธิวาส,Narathiwat,9613,เจาะไอร้อง,Cho-airong,6.23011,101.84721
55,น่าน,Nan,5502,แม่จริม,Mae Charim,18.717,101.033
55,น่าน,Nan,5504,นาน้อย,Na Noi,18.30269,100.72393
19,น่าน,Nan,5515,เฉลิมพระเกียรติ,Chaloem Phra Kiat,19.579167,101.081111
55,น่าน,Nan,5505,ปัว,Pua,19.175,100.916
55,น่าน,Nan,5506,ท่าวังผา,Tha Wang Pha,19.10963,100.7548
55,น่าน,Nan,5507,เวียงสา,Wiang Sa,18.55088,100.72754
55,น่าน,Nan,5503,บ้านหลวง,Ban Luang,18.88375,100.46014
55,น่าน,Nan,5508,ทุ่งช้าง,Thung Chang,19.4167,100.8833
55,น่าน,Nan,5501,เมืองน่าน,Mueang Nan,18.78378,100.77899
55,น่าน,Nan,5514,ภูเพียง,Phu Phiang,18.7803,100.87497
55,น่าน,Nan,5513,สองแคว,Song Khwae,19.40911,100.66174
55,น่าน,Nan,5509,เชียงกลาง,Chiang Klang,19.29378,100.86169
55,น่าน,Nan,5512,บ่อเกลือ,Bo Kluea,19.148889,101.1575
55,น่าน,Nan,5511,สันติสุข,Santi Suk,18.913333,100.941389
55,น่าน,Nan,5510,นาหมื่น,Na Muen,18.189444,100.658889
38,บึงกาฬ,Bueng Kan ,3801,เมืองบึงกาฬ,Mueang Bueng Kan,18.2995,103.64016
38,บึงกาฬ,Bueng Kan ,3803,โซ่พิสัย,So Phisai,18.14176,103.44923
38,บึงกาฬ,Bueng Kan ,3804,เซกา,Seka,17.989767,103.937599
38,บึงกาฬ,Bueng Kan ,3805,ปากคาด,Pak Khat,18.27738,103.3414
38,บึงกาฬ,Bueng Kan ,3806,บึงโขงหลง,Bueng Khong Long,18.00899,104.07302
38,บึงกาฬ,Bueng Kan ,3807,ศรีวิไล,Si Wilai,18.2244764,103.7405019
38,บึงกาฬ,Bueng Kan ,3802,พรเจริญ,Phon Charoen,18.033038,103.708356
38,บึงกาฬ,Bueng Kan ,3808,บุ่งคล้า,Bung Khla,18.24726,103.99427
31,บุรีรัมย์,Buri Ram,3110,ลำปลายมาศ,Lam Plai Mat,15.025,102.83833
31,บุรีรัมย์,Buri Ram,3111,สตึก,Satuek,15.2975,103.29194
31,บุรีรัมย์,Buri Ram,3112,ปะคำ,Pakham,14.405851,102.572167
31,บุรีรัมย์,Buri Ram,3113,นาโพธิ์,Na Pho,15.64523306,102.95014
31,บุรีรัมย์,Buri Ram,3120,โนนดินแดง,Non Din Daeng,14.315,102.74333
31,บุรีรัมย์,Buri Ram,3115,พลับพลาชัย,Phlapphla Chai,14.698366,103.116395
31,บุรีรัมย์,Buri Ram,3116,ห้วยราช,Huai Rat,14.9907736,103.1958313
31,บุรีรัมย์,Buri Ram,3117,โนนสุวรรณ,Non Suwan,14.57833,102.59833
31,บุรีรัมย์,Buri Ram,3114,หนองหงส์,Nong Hong,14.85,102.688333
31,บุรีรัมย์,Buri Ram,3109,พุทไธสง,Phutthaisong,15.54471764,103.0004571
31,บุรีรัมย์,Buri Ram,3121,บ้านด่าน,Ban Dan,15.10722,103.17472
31,บุรีรัมย์,Buri Ram,3107,ประโคนชัย,Prakhon Chai,14.61030528,103.0801044
31,บุรีรัมย์,Buri Ram,3106,ละหานทราย,Lahan Sai,14.41167,102.86
31,บุรีรัมย์,Buri Ram,3105,หนองกี่,Nong Ki,14.68833,102.53333
31,บุรีรัมย์,Buri Ram,3104,นางรอง,Nang Rong,14.62833,102.79333
31,บุรีรัมย์,Buri Ram,3103,กระสัง,Krasang,14.92167,103.30167
31,บุรีรัมย์,Buri Ram,3102,คูเมือง,Khu Mueang,15.27167,103.00167
31,บุรีรัมย์,Buri Ram,3101,เมืองบุรีรัมย์,Mueang Buri Ram,14.995,103.10333
31,บุรีรัมย์,Buri Ram,3119,บ้านใหม่ไชยพจน์,Ban Mai Chaiyaphot,15.530062,102.889992
31,บุรีรัมย์,Buri Ram,3122,แคนดง,Khaen Dong,15.317225,103.156571
31,บุรีรัมย์,Buri Ram,3108,บ้านกรวด,Ban Kruat,14.3461981,103.1631166
31,บุรีรัมย์,Buri Ram,3118,ชำนิ,Chamni,14.78833,102.84167
13,ปทุมธานี,Pathum Thani,1301,เมืองปทุมธานี,Mueang Pathum Thani,13.9854,100.5521
13,ปทุมธานี,Pathum Thani,1302,คลองหลวง,Khlong Luang,14.1169,100.6872
13,ปทุมธานี,Pathum Thani,1307,สามโคก,Sam Khok,14.0791,100.5071
13,ปทุมธานี,Pathum Thani,1304,หนองเสือ,Nong Suea,14.1786,100.845
13,ปทุมธานี,Pathum Thani,1305,ลาดหลุมแก้ว,Lat Lum Kaeo,14.0371,100.4172
13,ปทุมธานี,Pathum Thani,1306,ลำลูกกา,Lam Luk Ka,13.9755,100.7774
13,ปทุมธานี,Pathum Thani,1303,ธัญบุรี,Thanyaburi,13.9924,100.6534
77,ประจวบคีรีขันธ์,Prachuap Khiri Khan,7706,ปราณบุรี,Pran Buri,12.38487,99.90157
77,ประจวบคีรีขันธ์,Prachuap Khiri Khan,7704,บางสะพาน,Bang Saphan,11.21422474,99.51183651
77,ประจวบคีรีขันธ์,Prachuap Khiri Khan,7703,ทับสะแก,Thap Sakae,11.54787,99.57159
77,ประจวบคีรีขันธ์,Prachuap Khiri Khan,7702,กุยบุรี,Kui Buri,12.08283,99.85431
77,ประจวบคีรีขันธ์,Prachuap Khiri Khan,7701,เมืองประจวบคีรีขันธ์,Mueang Prachuap Khiri Khan,11.82098,99.7841
77,ประจวบคีรีขันธ์,Prachuap Khiri Khan,7705,บางสะพานน้อย,Bang Saphan Noi,11.07057,99.34105
77,ประจวบคีรีขันธ์,Prachuap Khiri Khan,7707,หัวหิน,Hua Hin,12.57065,99.95876
77,ประจวบคีรีขันธ์,Prachuap Khiri Khan,7708,สามร้อยยอด,Sam Roi Yot,12.27081,99.87203
25,ปราจีนบุรี,Prachinburi,2503,นาดี,Na Di,14.11517,101.78189
25,ปราจีนบุรี,Prachinburi,2508,ศรีมหาโพธิ,Si Maha Phot,13.89041,101.54181
25,ปราจีนบุรี,Prachinburi,2509,ศรีมโหสถ,Si Mahosot,13.87669,101.42499
25,ปราจีนบุรี,Prachinburi,2507,ประจันตคาม,Prachantakham,14.22813,101.5744
25,ปราจีนบุรี,Prachinburi,2506,บ้านสร้าง,Ban Sang,13.95005,101.25063
25,ปราจีนบุรี,Prachinburi,2501,เมืองปราจีนบุรี,Mueang Prachin Buri,14.04992,101.36864
25,ปราจีนบุรี,Prachinburi,2502,กบินทร์บุรี,Kabin Buri,13.95114,101.71769
94,ปัตตานี,Pattani,9412,แม่ลาน,Mae Lan,6.66833,101.23149
94,ปัตตานี,Pattani,9411,กะพ้อ,Kapho,6.60264,101.54327
94,ปัตตานี,Pattani,9410,ยะรัง,Yarang,6.6924,101.31408
94,ปัตตานี,Pattani,9409,ยะหริ่ง,Yaring,6.861667,101.365
94,ปัตตานี,Pattani,9404,ปะนาเระ,Panare,6.86,101.49
94,ปัตตานี,Pattani,9407,สายบุรี,Sai Buri,6.70131,101.61675
94,ปัตตานี,Pattani,9403,หนองจิก,Nong Chik,6.84356,101.17803
94,ปัตตานี,Pattani,9406,ทุ่งยางแดง,Thung Yang Daeng,6.6416,101.44652
94,ปัตตานี,Pattani,9405,มายอ,Mayo,6.683,101.35
94,ปัตตานี,Pattani,9401,เมืองปัตตานี,Mueang Pattani,6.86814,101.25009
94,ปัตตานี,Pattani,9408,ไม้แก่น,Mai Kaen,6.61603,101.67864
94,ปัตตานี,Pattani,9402,โคกโพธิ์,Khok Pho,6.717,101.1
14,พระนครศรีอยุธยา,Phra Nakhon Si Ayutthaya,1406,บางปะอิน,Bang Pa-in,14.2586,100.5971
14,พระนครศรีอยุธยา,Phra Nakhon Si Ayutthaya,1415,มหาราช,Maha Rat,14.5822,100.5521
14,พระนครศรีอยุธยา,Phra Nakhon Si Ayutthaya,1416,บ้านแพรก,Ban Phraek,14.6477,100.5825
14,พระนครศรีอยุธยา,Phra Nakhon Si Ayutthaya,1414,อุทัย,Uthai,14.3463,100.6872
14,พระนครศรีอยุธยา,Phra Nakhon Si Ayutthaya,1413,บางซ้าย,Bang Sai,14.3064,100.2937
14,พระนครศรีอยุธยา,Phra Nakhon Si Ayutthaya,1412,เสนา,Sena,14.2685,100.3722
14,พระนครศรีอยุธยา,Phra Nakhon Si Ayutthaya,1411,วังน้อย,Wang Noi,14.2525,100.7323
14,พระนครศรีอยุธยา,Phra Nakhon Si Ayutthaya,1410,ลาดบัวหลวง,Lat Bua Luang,14.1767,100.3722
14,พระนครศรีอยุธยา,Phra Nakhon Si Ayutthaya,1405,บางบาล,Bang Ban,14.4024,100.4621
14,พระนครศรีอยุธยา,Phra Nakhon Si Ayutthaya,1407,บางปะหัน,Bang Pahan,14.4793,100.5409
14,พระนครศรีอยุธยา,Phra Nakhon Si Ayutthaya,1402,ท่าเรือ,Tha Ruea,14.5301,100.6872
14,พระนครศรีอยุธยา,Phra Nakhon Si Ayutthaya,1408,ผักไห่,Phak Hai,14.4543,100.3273
14,พระนครศรีอยุธยา,Phra Nakhon Si Ayutthaya,1404,บางไทร,Bang Sai,14.2186,100.4621
14,พระนครศรีอยุธยา,Phra Nakhon Si Ayutthaya,1403,นครหลวง,Nakhon Luang,14.4752,100.6309
14,พระนครศรีอยุธยา,Phra Nakhon Si Ayutthaya,1409,ภาชี,Phachi,14.4361,100.7323
14,พระนครศรีอยุธยา,Phra Nakhon Si Ayutthaya,1401,พระนครศรีอยุธยา,Phra Nakhon Si Ayutthaya,14.3524,100.5521
56,พะเยา,Phayao,5607,แม่ใจ,Mae Chai,19.3756,99.7902
56,พะเยา,Phayao,5608,ภูซาง,Phu Sang,19.6253,100.3722
56,พะเยา,Phayao,5609,ภูกามยาว,Phu Kamyao,19.271667,99.97
56,พะเยา,Phayao,5601,เมืองพะเยา,Mueang Phayao,19.191667,99.878333
56,พะเยา,Phayao,5602,จุน,Chun,19.3559,100.1479
56,พะเยา,Phayao,5603,เชียงคำ,Chiang Muan,19.5064,100.3947
56,พะเยา,Phayao,5604,เชียงม่วน,Chiang Muan,18.886667,100.303333
56,พะเยา,Phayao,5605,ดอกคำใต้,Dok Kham Tai,19.1505,100.036
56,พะเยา,Phayao,5606,ปง,Pong,19.2244,100.3947
82,พังงา,Phang Nga,8208,ท้ายเหมือง,Thai Mueang,8.512338043,98.28506604
82,พังงา,Phang Nga,8202,เกาะยาว,Ko Yao,8.111667,98.590833
82,พังงา,Phang Nga,8203,กะปง,Kapong,8.696667,98.408333
82,พังงา,Phang Nga,8201,เมืองพังงา,Mueang Phangnga,8.443678989,98.52025401
82,พังงา,Phang Nga,8205,ตะกั่วป่า,Takua Pa,8.869444,98.343056
82,พังงา,Phang Nga,8206,คุระบุรี,Khura Buri,9.193889,98.415
82,พังงา,Phang Nga,8207,ทับปุด,Thap Put,8.516111,98.639722
82,พังงา,Phang Nga,8204,ตะกั่วทุ่ง,Takua Thung,8.392222,98.451944
93,พัทลุง,Phatthalung,9310,ป่าพะยอม,Pa Phayom,7.83154,99.87448
93,พัทลุง,Phatthalung,9308,ป่าบอน,Pa Bon,7.21994,100.13078
93,พัทลุง,Phatthalung,9311,ศรีนครินทร์,Srinagarindra,7.57574,99.91053
93,พัทลุง,Phatthalung,9307,ศรีบรรพต,Si Banphot,7.69259,99.87322
93,พัทลุง,Phatthalung,9303,เขาชัยสน,Khao Chaison,7.46305,100.09055
93,พัทลุง,Phatthalung,9301,เมืองพัทลุง,Mueang Phatthalung,7.61786,100.07792
93,พัทลุง,Phatthalung,9309,บางแก้ว,Bang Kaeo,7.41775,100.17164
93,พัทลุง,Phatthalung,9306,ปากพะยูน,Pak Phayun,7.29622,100.29542
93,พัทลุง,Phatthalung,9305,ควนขนุน,Khuan Khanun,7.733,100.017
93,พัทลุง,Phatthalung,9304,ตะโหมด,Tamot,7.33922,100.11167
93,พัทลุง,Phatthalung,9302,กงหรา,Kong Ra,7.467,99.95
66,พิจิตร,Phichit,6609,สากเหล็ก,Sak Lek,16.51,100.47
66,พิจิตร,Phichit,6610,บึงนาราง,Bueng Na Rang,16.1737,100.1479
66,พิจิตร,Phichit,6612,วชิรบารมี,Wachirabarami,16.5016,100.1031
66,พิจิตร,Phichit,6611,ดงเจริญ,Dong Charoen,16.0283,100.6266
66,พิจิตร,Phichit,6604,ตะพานหิน,Taphan Hin,16.2071,100.4172
66,พิจิตร,Phichit,6607,สามง่าม,Sam Ngam,16.4085,100.1031
66,พิจิตร,Phichit,6606,โพทะเล,Pho Thale,16.0543,100.2152
66,พิจิตร,Phichit,6605,บางมูลนาก,Bang Mun Nak,16.0214,100.4172
66,พิจิตร,Phichit,6603,โพธิ์ประทับช้าง,Pho Prathap Chang,16.3111,100.1927
66,พิจิตร,Phichit,6602,วังทรายพูน,Wang Sai Phun,16.3398,100.5521
66,พิจิตร,Phichit,6601,เมืองพิจิตร,Mueang Phichit,16.3953,100.3722
66,พิจิตร,Phichit,6608,ทับคล้อ,Tap Khlo,16.1616,100.5966
65,พิษณุโลก,Phitsanulok,6502,นครไทย,Nakhon Thai,17.1221,100.8395
65,พิษณุโลก,Phitsanulok,6503,ชาติตระการ,Chat Trakan,17.3355,100.6647
65,พิษณุโลก,Phitsanulok,6504,บางระกำ,Bang Rakam,16.7145,100.036
65,พิษณุโลก,Phitsanulok,6505,บางกระทุ่ม,Bang Krathum,16.5837,100.3273
65,พิษณุโลก,Phitsanulok,6506,พรหมพิราม,Phrom Phiram,17.0834,100.1255
65,พิษณุโลก,Phitsanulok,6507,วัดโบสถ์,Wat Bot,16.9802,100.3333
65,พิษณุโลก,Phitsanulok,6508,วังทอง,Wang Thong,16.8739,100.5746
65,พิษณุโลก,Phitsanulok,6501,เมืองพิษณุโลก,Mueang Phitsanulok,16.799,100.2152
65,พิษณุโลก,Phitsanulok,6509,เนินมะปราง,Noen Maprang,16.5899,100.6647
83,ภูเก็ต,Phuket,8303,ถลาง,Thalang,8.0320027,98.3334626
83,ภูเก็ต,Phuket,8302,กะทู้,Kathu,7.8969151,98.3020123
83,ภูเก็ต,Phuket,8301,เมืองภูเก็ต,Mueang Phuket,7.8741947,98.3939158
44,มหาสารคาม,Maha Sarakham,4407,นาเชือก,Na Chueak,15.8018,103.05725
44,มหาสารคาม,Maha Sarakham,4404,กันทรวิชัย,Kantharawichai,16.317,103.3
44,มหาสารคาม,Maha Sarakham,4408,พยัคฆภูมิพิสัย,Phayakkhaphum Phisai,15.51963,103.23268
44,มหาสารคาม,Maha Sarakham,4409,วาปีปทุม,Wapi Pathum,15.84523,103.37678
44,มหาสารคาม,Maha Sarakham,4410,นาดูน,Na Dun,15.733,103.233
44,มหาสารคาม,Maha Sarakham,4411,ยางสีสุราช,Yang Sisurat,15.64953,103.08916
44,มหาสารคาม,Maha Sarakham,4403,โกสุมพิสัย,Kosum Phisai,16.23882,102.99081
44,มหาสารคาม,Maha Sarakham,4412,กุดรัง,Kut Rang,16.1,103.017
44,มหาสารคาม,Maha Sarakham,4402,แกดำ,Kae Dam,16.04961,103.38953
44,มหาสารคาม,Maha Sarakham,4413,ชื่นชม,Chuen Chom,16.54801,103.14796
44,มหาสารคาม,Maha Sarakham,4406,บรบือ,Borabue,15.98881,103.12521
44,มหาสารคาม,Maha Sarakham,4405,เชียงยืน,Chiang Yuen,16.40942,103.07005
44,มหาสารคาม,Maha Sarakham,4401,เมืองมหาสารคาม,Mueang Maha Sarakham,16.18939534,103.2975673
49,มุกดาหาร,Mukdahan,4904,ดงหลวง,Dong Luang,16.828,104.5073
49,มุกดาหาร,Mukdahan,4903,ดอนตาล,Don Tan,16.28796,104.82231
49,มุกดาหาร,Mukdahan,4906,หว้านใหญ่,Wan Yai,16.7203,104.72865
49,มุกดาหาร,Mukdahan,4907,หนองสูง,Nong Sung,16.44759,104.33649
49,มุกดาหาร,Mukdahan,4905,คำชะอี,Khamcha-i,16.61452,104.35929
49,มุกดาหาร,Mukdahan,4902,นิคมคำสร้อย,Nikhom Kham Soi,16.3717,104.5515
49,มุกดาหาร,Mukdahan,4901,เมืองมุกดาหาร,Mueang Mukdahan,16.5511,104.64605
95,ยะลา,Yala,9508,กรงปินัง,Krong Pinang,6.39954,101.25549
95,ยะลา,Yala,9501,เมืองยะลา,Mueang Yala,6.546370903,101.2843219
95,ยะลา,Yala,9502,เบตง,Betong,5.86121,101.22803
95,ยะลา,Yala,9503,บันนังสตา,Bannang Sata,6.25671,101.27747
95,ยะลา,Yala,9504,ธารโต,Than To,6.08093,101.25549
95,ยะลา,Yala,9507,กาบัง,Kabang,6.36658,100.97534
95,ยะลา,Yala,9506,รามัน,Raman,6.49017,101.43402
95,ยะลา,Yala,9505,ยะหา,Yaha,6.40228,101.11542
35,ยโสธร,Yasothon,3509,ไทยเจริญ,Thai Charoen,16.063056,104.447222
35,ยโสธร,Yasothon,3503,กุดชุม,Kut Chum,16.03167,104.34
35,ยโสธร,Yasothon,3502,ทรายมูล,Sai Mun,15.948604,104.198638
35,ยโสธร,Yasothon,3504,คำเขื่อนแก้ว,Kham Khuean Kaeo,15.64488448,104.2541787
35,ยโสธร,Yasothon,3505,ป่าติ้ว,Pa Tio,15.83139,104.38556
35,ยโสธร,Yasothon,3506,มหาชนะชัย,Maha Chana Chai,15.53167,104.24167
35,ยโสธร,Yasothon,3507,ค้อวัง,Kho Wang,15.3678978,104.3576377
35,ยโสธร,Yasothon,3508,เลิงนกทา,Loeng Nok Tha,16.20778,104.55472
35,ยโสธร,Yasothon,3501,เมืองยโสธร,Mueang Yasothon,15.798429,104.148913
85,ระนอง,Ranong,8505,สุขสำราญ,Suk Samran,9.345,98.43
85,ระนอง,Ranong,8504,กระบุรี,Kra Buri,10.431667,98.788333
85,ระนอง,Ranong,8503,กะเปอร์,Kapoe,9.585278,98.596111
85,ระนอง,Ranong,8501,เมืองระนอง,Mueang Ranong,9.972360054,98.63969818
85,ระนอง,Ranong,8502,ละอุ่น,La-un,10.115,98.75
21,ระยอง,Rayong,2105,บ้านค่าย,Ban Khai,12.83827,101.3421
21,ระยอง,Rayong,2101,เมืองระยอง,Mueang Rayong,12.71864,101.34491
21,ระยอง,Rayong,2102,บ้านฉาง,Ban Chang,12.72543,101.05531
21,ระยอง,Rayong,2108,นิคมพัฒนา,Nikhom Phatthana,14.90917,101.02673
21,ระยอง,Rayong,2107,เขาชะเมา,Khao Chamao,12.975,101.685
21,ระยอง,Rayong,2106,ปลวกแดง,Pluak Daeng,12.98333,101.25
21,ระยอง,Rayong,2103,แกลง,Klaeng,12.77179,101.65666
21,ระยอง,Rayong,2104,วังจันทร์,Wang Chan,12.93646,101.52303
70,ราชบุรี,Ratchaburi,7010,บ้านคา,Ban Kha,13.32374,99.37323
70,ราชบุรี,Ratchaburi,7009,วัดเพลง,Wat Phleng,13.44705,99.86959
70,ราชบุรี,Ratchaburi,7007,โพธาราม,Photharam,13.683333,99.85
70,ราชบุรี,Ratchaburi,7006,บางแพ,Bang Phae,13.69157,99.92982
70,ราชบุรี,Ratchaburi,7002,จอมบึง,Chom Bueng,13.62,99.59169
70,ราชบุรี,Ratchaburi,7003,สวนผึ้ง,Suan Phueng,13.56361,99.31133
70,ราชบุรี,Ratchaburi,7008,ปากท่อ,Pak Tho,13.38761,99.677
70,ราชบุรี,Ratchaburi,7005,บ้านโป่ง,Ban Pong,13.8166,99.82147
70,ราชบุรี,Ratchaburi,7001,เมืองราชบุรี,Mueang Ratchaburi,13.53671,99.81712
70,ราชบุรี,Ratchaburi,7004,ดำเนินสะดวก,Damnoen Saduak,13.51825,99.95469
45,ร้อยเอ็ด,Roi Et,4520,ทุ่งเขาหลวง,Thung Khao Luang,15.98966,103.87086
45,ร้อยเอ็ด,Roi Et,4519,หนองฮี,Nong Hi,15.57983,104.01134
45,ร้อยเอ็ด,Roi Et,4501,เมืองร้อยเอ็ด,Mueang Roi Et,16.01497,103.61584
45,ร้อยเอ็ด,Roi Et,4502,เกษตรวิสัย,Kaset Wisai,15.6581,103.6131
45,ร้อยเอ็ด,Roi Et,4504,จตุรพักตรพิมาน,Chaturaphak Phiman,15.8447,103.5668
45,ร้อยเอ็ด,Roi Et,4505,ธวัชบุรี,Thawat Buri,16.111,103.8042
45,ร้อยเอ็ด,Roi Et,4506,พนมไพร,Phanom Phrai,15.693,104.0755
45,ร้อยเอ็ด,Roi Et,4503,ปทุมรัตต์,Pathum Rat,15.62371,103.38733
45,ร้อยเอ็ด,Roi Et,4508,โพธิ์ชัย,Pho Chai,16.32827,103.77033
45,ร้อยเอ็ด,Roi Et,4507,โพนทอง,Phon Thong,16.29007,103.96388
45,ร้อยเอ็ด,Roi Et,4518,เชียงขวัญ,Chiang Khwan,16.14887,103.74924
45,ร้อยเอ็ด,Roi Et,4517,จังหาร,Changhan,16.16213,103.61605
45,ร้อยเอ็ด,Roi Et,4516,ศรีสมเด็จ,Si Somdet,16.01947,103.51427
45,ร้อยเอ็ด,Roi Et,4515,เมยวดี,Moei Wadi,16.38944,104.1572
45,ร้อยเอ็ด,Roi Et,4509,หนองพอก,Nong Phok,16.30357,104.22144
45,ร้อยเอ็ด,Roi Et,4513,โพนทราย,Phon Sai,15.49244,103.94139
45,ร้อยเอ็ด,Roi Et,4512,เมืองสรวง,Mueang Suang,15.78619,103.75071
45,ร้อยเอ็ด,Roi Et,4511,สุวรรณภูมิ,Suwannaphum,15.60348,103.80207
45,ร้อยเอ็ด,Roi Et,4510,เสลภูมิ,Selaphum,16.047,104.00031
45,ร้อยเอ็ด,Roi Et,4514,อาจสามารถ,At Samat,15.84014,103.86619
16,ลพบุรี,Lopburi,1609,โคกเจริญ,Khok Charoen,15.4676,100.8451
16,ลพบุรี,Lopburi,1608,สระโบสถ์,Sa Bot,15.2246,100.8564
16,ลพบุรี,Lopburi,1607,ท่าหลวง,Tha Luang,15.0586,101.1844
16,ลพบุรี,Lopburi,1606,บ้านหมี่,Ban Mi,15.1111,100.5746
16,ลพบุรี,Lopburi,1605,ท่าวุ้ง,Tha Wung,14.8145,100.5071
16,ลพบุรี,Lopburi,1604,ชัยบาดาล,Chai Badan,15.1772,101.1164
16,ลพบุรี,Lopburi,1603,โคกสำโรง,Khok Samrong,15.0103,100.7549
16,ลพบุรี,Lopburi,1602,พัฒนานิคม,Phatthana Nikhom,14.9052,101.0259
16,ลพบุรี,Lopburi,1601,เมืองลพบุรี,Mueang Lop Buri,14.8302,100.6647
16,ลพบุรี,Lopburi,1610,ลำสนธิ,Lam Sonthi,15.4074,101.3545
16,ลพบุรี,Lopburi,1611,หนองม่วง,Nong Muang,15.2674,100.6872
52,ลำปาง,Lampang,5202,แม่เมาะ,Mae Mo,18.275,99.65
52,ลำปาง,Lampang,5201,เมืองลำปาง,Mueang Lampang,18.29232,99.49277
52,ลำปาง,Lampang,5203,เกาะคา,Ko Kha,18.191667,99.395556
52,ลำปาง,Lampang,5204,เสริมงาม,Soem Ngam,18.065278,99.247222
52,ลำปาง,Lampang,5206,แจ้ห่ม,Chae Hom,18.712778,99.5575
52,ลำปาง,Lampang,5207,วังเหนือ,Wang Nuea,19.0756,99.6787
52,ลำปาง,Lampang,5208,เถิน,Thoen,17.5455,99.2786
52,ลำปาง,Lampang,5209,แม่พริก,Mae Phrik,17.5089,99.0571
52,ลำปาง,Lampang,5205,งาว,Ngao,18.7793,99.9465
52,ลำปาง,Lampang,5211,สบปราบ,Sop Prap,17.880833,99.337222
52,ลำปาง,Lampang,5212,ห้างฉัตร,Hang Chat,18.321944,99.317778
52,ลำปาง,Lampang,5213,เมืองปาน,Mueang Pan,18.7824,99.4339
52,ลำปาง,Lampang,5210,แม่ทะ,Mae Tha,18.135,99.513333
51,ลำพูน,Lamphun,5102,แม่ทา,Mae Tha,18.461944,99.134722
51,ลำพูน,Lamphun,5108,เวียงหนองล่อง,Wiang Nong Long,18.393333,98.718333
51,ลำพูน,Lamphun,5107,บ้านธิ,Ban Thi,18.651667,99.125
51,ลำพูน,Lamphun,5106,ป่าซาง,Pa Sang,18.525833,98.939167
51,ลำพูน,Lamphun,5105,ทุ่งหัวช้าง,Thung Hua Chang,18.003056,99.027778
51,ลำพูน,Lamphun,5104,ลี้,Li,17.803333,98.95
51,ลำพูน,Lamphun,5103,บ้านโฮ่ง,Ban Hong,18.331111,98.818889
51,ลำพูน,Lamphun,5101,เมืองลำพูน,Mueang Lamphun,18.578333,99.018333
33,ศรีสะเกษ,Si Saket,3317,ภูสิงห์,Phu Sing,14.54667,104.131667
33,ศรีสะเกษ,Si Saket,3316,วังหิน,Wang Hin,14.94833,104.23
33,ศรีสะเกษ,Si Saket,3318,เมืองจันทร์,Mueang Chan,15.19167,104.05333
33,ศรีสะเกษ,Si Saket,3315,น้ำเกลี้ยง,Nam Kliang,14.92833,104.51333
33,ศรีสะเกษ,Si Saket,3307,ปรางค์กู่,Prang Ku,14.85667,104.04
33,ศรีสะเกษ,Si Saket,3314,ศรีรัตนะ,Si Rattana,14.79333,104.47
33,ศรีสะเกษ,Si Saket,3320,พยุห์,Phayu,14.90333,104.39167
33,ศรีสะเกษ,Si Saket,3321,โพธิ์ศรีสุวรรณ,Pho Si Suwan,15.23167,104.07667
33,ศรีสะเกษ,Si Saket,3322,ศิลาลาด,Sila Lat,15.47333,104.07167
33,ศรีสะเกษ,Si Saket,3319,เบญจลักษ์,Benchalak,14.795,104.67
33,ศรีสะเกษ,Si Saket,3312,ห้วยทับทัน,Huai Thap Than,15.0274252,104.0762344
33,ศรีสะเกษ,Si Saket,3313,โนนคูณ,Non Khun,14.92833,104.69
33,ศรีสะเกษ,Si Saket,3310,อุทุมพรพิสัย,Uthumphon Phisai,15.0769589,104.0922843
33,ศรีสะเกษ,Si Saket,3309,ราษีไศล,Rasi Salai,15.3602599,104.2158563
33,ศรีสะเกษ,Si Saket,3308,ขุนหาญ,Khun Han,14.61667,104.425
33,ศรีสะเกษ,Si Saket,3306,ไพรบึง,Phrai Bueng,14.74833,104.36167
33,ศรีสะเกษ,Si Saket,3305,ขุขันธ์,Khukhan,14.71333,104.19833
33,ศรีสะเกษ,Si Saket,3304,กันทรลักษ์,Kantharalak,14.64,104.65
33,ศรีสะเกษ,Si Saket,3303,กันทรารมย์,Kanthararom,15.10667,104.57
33,ศรีสะเกษ,Si Saket,3302,ยางชุมน้อย,Yang Chum Noi,15.26167,104.40167
33,ศรีสะเกษ,Si Saket,3301,เมืองศรีสะเกษ,Mueang Si Sa Ket,15.12056,104.32222
33,ศรีสะเกษ,Si Saket,3311,บึงบูรพ์,Bueng Bun,15.3303,104.0449
47,สกลนคร,Sakon Nakhon,4702,กุสุมาลย์,Kusuman,17.35402,104.26677
47,สกลนคร,Sakon Nakhon,4710,บ้านม่วง,Ban Muang,17.89569,103.52793
47,สกลนคร,Sakon Nakhon,4709,คำตากล้า,Kham Ta Kla,17.82547,103.78598
47,สกลนคร,Sakon Nakhon,4708,วานรนิวาส,Wanon Niwat,17.61516,103.76536
47,สกลนคร,Sakon Nakhon,4703,กุดบาก,Kut Bak,17.0416,103.7637
47,สกลนคร,Sakon Nakhon,4706,วาริชภูมิ,Waritchaphum,17.25692,103.62283
47,สกลนคร,Sakon Nakhon,4705,พังโคน,Phang Khon,17.38267,103.75146
47,สกลนคร,Sakon Nakhon,4704,พรรณานิคม,Phanna Nikhom,17.31369,103.89791
47,สกลนคร,Sakon Nakhon,4711,อากาศอำนวย,Akat Amnuai,17.63589,103.9759
47,สกลนคร,Sakon Nakhon,4707,นิคมน้ำอูน,Nikhom Nam Un,17.18314,103.71842
47,สกลนคร,Sakon Nakhon,4712,สว่างแดนดิน,Sawang Daen Din,17.4559,103.4495
47,สกลนคร,Sakon Nakhon,4718,ภูพาน,Phu Phan,16.92862,103.924
47,สกลนคร,Sakon Nakhon,4714,เต่างอย,Tao Ngoi,16.94022,104.15863
47,สกลนคร,Sakon Nakhon,4715,โคกศรีสุพรรณ,Khok Si Suphan,17.02297,104.30346
47,สกลนคร,Sakon Nakhon,4716,เจริญศิลป์,Charoen Sin,17.63327,103.52218
47,สกลนคร,Sakon Nakhon,4717,โพนนาแก้ว,Phon Na Kaeo,17.21248,104.307
47,สกลนคร,Sakon Nakhon,4713,ส่องดาว,Song Dao,17.30883,103.44987
47,สกลนคร,Sakon Nakhon,4701,เมืองสกลนคร,Mueang Sakon Nakhon,17.16163,104.10519
90,สงขลา,Songkhla,9006,สะบ้าย้อย,Saba Yoi,6.617,100.95
90,สงขลา,Songkhla,9005,เทพา,Thepha,6.79726,100.91025
90,สงขลา,Songkhla,9004,นาทวี,Na Thawi,6.63849,100.68173
90,สงขลา,Songkhla,9003,จะนะ,Chana,6.89584,100.70126
90,สงขลา,Songkhla,9002,สทิงพระ,Sathing Phra,7.467,100.433
90,สงขลา,Songkhla,9001,เมืองสงขลา,Mueang Songkhla,7.19882,100.5951
90,สงขลา,Songkhla,9013,ควนเนียง,Khuan Niang,7.18231,100.37403
90,สงขลา,Songkhla,9014,บางกล่ำ,Bang Klam,7.06404,100.40664
90,สงขลา,Songkhla,9015,สิงหนคร,Singhanakhon,7.28453,100.48809
90,สงขลา,Songkhla,9008,กระแสสินธุ์,Krasae Sin,7.61254,100.32827
90,สงขลา,Songkhla,9009,รัตภูมิ,Rattaphum,7.07488,100.19515
90,สงขลา,Songkhla,9016,คลองหอยโข่ง,Khlong Hoi Khong,6.86623,100.35353
90,สงขลา,Songkhla,9010,สะเดา,Sadao,6.63883,100.42342
90,สงขลา,Songkhla,9012,นาหม่อม,Na Mom,6.9586209,100.5352367
90,สงขลา,Songkhla,9011,หาดใหญ่,Hat Yai,7.00836,100.47668
90,สงขลา,Songkhla,9007,ระโนด,Ranot,7.77768,100.32134
91,สตูล,Satun,9102,ควนโดน,Khuan Don,6.76978,100.12216
91,สตูล,Satun,9107,มะนัง,Manang,7.01822,99.95399
91,สตูล,Satun,9106,ทุ่งหว้า,Thung Wa,7.04915,99.76587
91,สตูล,Satun,9105,ละงู,La-ngu,6.90392,99.79836
91,สตูล,Satun,9104,ท่าแพ,Tha Phae,6.79542,99.91985
91,สตูล,Satun,9103,ควนกาหลง,Khuan Kalong,6.90593,100.04178
91,สตูล,Satun,9101,เมืองสตูล,Mueang Satun,6.62314,100.06676
11,สมุทรปราการ,Samut Prakan,1101,เมืองสมุทรปราการ,Mueang Samut Prakan,13.57,100.6422
11,สมุทรปราการ,Samut Prakan,1104,พระประแดง,Phra Pradaeng,13.6533,100.5634
11,สมุทรปราการ,Samut Prakan,1102,บางบ่อ,Bang Bo,13.6058,100.8677
11,สมุทรปราการ,Samut Prakan,1103,บางพลี,Bang Phli,13.6117,100.7323
11,สมุทรปราการ,Samut Prakan,1106,บางเสาธง,Bang Sao Thong,13.6425,100.8113
11,สมุทรปราการ,Samut Prakan,1105,พระสมุทรเจดีย์,Phra Samut Chedi,13.5738,100.5521
75,สมุทรสงคราม,Samut Songkhram,7503,อัมพวา,Amphawa,13.3602,99.913
75,สมุทรสงคราม,Samut Songkhram,7501,เมืองสมุทรสงคราม,Mueang Samut Songkhram,13.4133,100.0136
75,สมุทรสงคราม,Samut Songkhram,7502,บางคนที,Bang Khonthi,13.4726,99.9577
74,สมุทรสาคร,Samut Sakhon,7403,บ้านแพ้ว,Ban Phaeo,13.5905,100.1077
74,สมุทรสาคร,Samut Sakhon,7402,กระทุ่มแบน,Krathum Baen,13.6656,100.2712
74,สมุทรสาคร,Samut Sakhon,7401,เมืองสมุทรสาคร,Mueang Samut Sakhon,13.5413,100.2376
19,สระบุรี,Saraburi,1912,วังม่วง,Wang Muang,14.8306,101.1391
19,สระบุรี,Saraburi,1905,หนองแซง,Nong Saeng,14.4899,100.8113
19,สระบุรี,Saraburi,1904,วิหารแดง,Wihan Daeng,14.3777,101.0033
19,สระบุรี,Saraburi,1908,หนองโดน,Nong Don,14.702,100.6985
19,สระบุรี,Saraburi,1913,เฉลิมพระเกียรติ,Chaloem Phra Kiat,14.6575,100.9129
19,สระบุรี,Saraburi,1910,เสาไห้,Sao Hai,14.5698,100.8226
19,สระบุรี,Saraburi,1909,พระพุทธบาท,Phra Phutthabat,14.7099,100.7774
19,สระบุรี,Saraburi,1907,ดอนพุด,Don Phut,14.5922,100.6283
19,สระบุรี,Saraburi,1903,หนองแค,Nong Khae,14.384,100.8677
19,สระบุรี,Saraburi,1902,แก่งคอย,Kaeng Khoi,14.6292,101.0259
19,สระบุรี,Saraburi,1901,เมืองสระบุรี,Mueang Saraburi,14.5196,100.9129
19,สระบุรี,Saraburi,1911,มวกเหล็ก,Muak Lek,14.824,101.2751
19,สระบุรี,Saraburi,1906,บ้านหมอ,Ban Mo,14.62,100.7323
27,สระแก้ว,Sa Kaeo,2702,คลองหาด,Khlong Hat,13.47396,102.27604
27,สระแก้ว,Sa Kaeo,2703,ตาพระยา,Ta Phraya,14.005,102.8072
27,สระแก้ว,Sa Kaeo,2704,วังน้ำเย็น,Wang Nam Yen,13.50325,102.18115
27,สระแก้ว,Sa Kaeo,2701,เมืองสระแก้ว,Mueang Sa Kaeo,13.8240146,102.0645933
27,สระแก้ว,Sa Kaeo,2708,โคกสูง,Khok Sung,13.87388,102.66075
27,สระแก้ว,Sa Kaeo,2706,อรัญประเทศ,Aranyaprathet,13.69276,102.50128
27,สระแก้ว,Sa Kaeo,2705,วัฒนานคร,Watthana Nakhon,13.88582,102.35652
27,สระแก้ว,Sa Kaeo,2709,วังสมบูรณ์,Wang Sombun,13.36112,102.1249
27,สระแก้ว,Sa Kaeo,2707,เขาฉกรรจ์,Khao Chakan,13.62293,102.02665
17,สิงห์บุรี,Singburi,1706,อินทร์บุรี,In Buri,15.0072,100.3273
17,สิงห์บุรี,Singburi,1705,ท่าช้าง,Tha Chang,14.7795,100.3891
17,สิงห์บุรี,Singburi,1704,พรหมบุรี,Phrom Buri,14.7825,100.4509
17,สิงห์บุรี,Singburi,1703,ค่ายบางระจัน,Khai Bang Rachan,14.8126,100.2937
17,สิงห์บุรี,Singburi,1702,บางระจัน,Bang Rachan,14.9169,100.2824
17,สิงห์บุรี,Singburi,1701,เมืองสิงห์บุรี,Mueang Sing Buri,14.8998,100.4059
72,สุพรรณบุรี,Suphanburi,7204,บางปลาม้า,Bang Pla Ma,14.34985,100.14479
72,สุพรรณบุรี,Suphanburi,7201,เมืองสุพรรณบุรี,Mueang Suphan Buri,14.47418,100.12218
72,สุพรรณบุรี,Suphanburi,7209,อู่ทอง,U Thong,14.41093,99.88949
72,สุพรรณบุรี,Suphanburi,7203,ด่านช้าง,Dan Chang,14.88388,99.51642
72,สุพรรณบุรี,Suphanburi,7208,สามชุก,Sam Chuk,14.74219,100.09531
72,สุพรรณบุรี,Suphanburi,7207,สองพี่น้อง,Song Phi Nong,14.18895,99.9758
72,สุพรรณบุรี,Suphanburi,7206,ดอนเจดีย์,Don Chedi,14.64804,99.94734
72,สุพรรณบุรี,Suphanburi,7202,เดิมบางนางบวช,Doem Bang Nang Buat,14.83333,100.1
72,สุพรรณบุรี,Suphanburi,7210,หนองหญ้าไซ,Nong Ya Sai,14.77644,99.85751
72,สุพรรณบุรี,Suphanburi,7205,ศรีประจันต์,Si Prachan,14.617,100.15
84,สุราษฎร์ธานี,Surat Thani,8412,บ้านนาสาร,Ban Na San,8.80837002,99.36955296
84,สุราษฎร์ธานี,Surat Thani,8413,บ้านนาเดิม,Ban Na Doem,8.935066012,99.24618798
84,สุราษฎร์ธานี,Surat Thani,8405,เกาะพะงัน,Ko Pha-ngan,9.701103979,100.022449
84,สุราษฎร์ธานี,Surat Thani,8404,เกาะสมุย,Ko Samui,9.58222,99.98404
84,สุราษฎร์ธานี,Surat Thani,8409,บ้านตาขุน,Ban Ta Khun,8.999999972,98.87
84,สุราษฎร์ธานี,Surat Thani,8419,วิภาวดี,Vibhavadi,9.238889,98.978889
84,สุราษฎร์ธานี,Surat Thani,8410,พนม,Phanom,8.855,98.813333
84,สุราษฎร์ธานี,Surat Thani,8414,เคียนซา,Khian Sa,8.840833,99.194167
84,สุราษฎร์ธานี,Surat Thani,8408,คีรีรัฐนิคม,Khiri Rat  Nikhom,9.032743276,98.95551501
84,สุราษฎร์ธานี,Surat Thani,8401,เมืองสุราษฎร์ธานี,Mueang Surat Thani,9.136389,99.320278
84,สุราษฎร์ธานี,Surat Thani,8406,ไชยา,Chaiya,9.38458298,99.18420598
84,สุราษฎร์ธานี,Surat Thani,8411,ท่าฉาง,Tha Chang,9.268020881,99.19492708
84,สุราษฎร์ธานี,Surat Thani,8402,กาญจนดิษฐ์,Kanchanadit,9.165556,99.471111
84,สุราษฎร์ธานี,Surat Thani,8418,ชัยบุรี,Chai Buri,8.462778,99.076667
84,สุราษฎร์ธานี,Surat Thani,8403,ดอนสัก,Don Sak,9.313889,99.690278
84,สุราษฎร์ธานี,Surat Thani,8415,เวียงสระ,Wiang Sa,8.654082966,99.29299997
84,สุราษฎร์ธานี,Surat Thani,8407,ท่าชนะ,Tha Chana,9.572222,99.165
84,สุราษฎร์ธานี,Surat Thani,8417,พุนพิน,Phunphin,9.109722,99.231944
84,สุราษฎร์ธานี,Surat Thani,8416,พระแสง,Phrasaeng,8.568333,99.248333
32,สุรินทร์,Surin,3210,สังขะ,Sangkha,14.6161736,103.8846545
32,สุรินทร์,Surin,3209,ศีขรภูมิ,Sikhoraphum,14.94396316,103.8038376
32,สุรินทร์,Surin,3216,เขวาสินรินทร์,Khwao Sinarin,15.00222,103.59639
32,สุรินทร์,Surin,3207,รัตนบุรี,Rattanaburi,15.32028,103.85694
32,สุรินทร์,Surin,3211,ลำดวน,Lamduan,14.718503,103.667466
32,สุรินทร์,Surin,3206,กาบเชิง,Kap Choeng,14.47472,103.59417
32,สุรินทร์,Surin,3205,ปราสาท,Prasat,14.64056,103.40472
32,สุรินทร์,Surin,3204,จอมพระ,Chom Phra,15.1175,103.61139
32,สุรินทร์,Surin,3203,ท่าตูม,Tha Tum,15.31833,103.675
32,สุรินทร์,Surin,3202,ชุมพลบุรี,Chumphon Buri,15.35083,103.38889
32,สุรินทร์,Surin,3208,สนม,Sanom,15.19889,103.76167
32,สุรินทร์,Surin,3212,สำโรงทาบ,Samrong Thap,15.0225,103.93611
32,สุรินทร์,Surin,3201,เมืองสุรินทร์,Mueang Surin,14.88433,103.490522
32,สุรินทร์,Surin,3214,พนมดงรัก,Phanom Dong Rak,14.445556,103.304444
32,สุรินทร์,Surin,3215,ศรีณรงค์,Si Narong,14.76694,103.87472
32,สุรินทร์,Surin,3217,โนนนารายณ์,Non Narai,15.23833,103.91306
32,สุรินทร์,Surin,3213,บัวเชด,Buachet,14.52667,103.945
64,สุโขทัย,Sukhothai,6405,ศรีสัชนาลัย,Si Satchanalai,17.5732,99.6787
64,สุโขทัย,Sukhothai,6406,ศรีสำโรง,Si Samrong,17.1647,99.8619
64,สุโขทัย,Sukhothai,6404,กงไกรลาศ,Kong Krailat,16.9525,99.9761
64,สุโขทัย,Sukhothai,6403,คีรีมาศ,Khiri Mat,16.8208,99.7679
64,สุโขทัย,Sukhothai,6407,สวรรคโลก,Sawankhalok,17.2836,99.8571
64,สุโขทัย,Sukhothai,6401,เมืองสุโขทัย,Mueang Sukhothai,17.0298,99.7902
64,สุโขทัย,Sukhothai,6408,ศรีนคร,Si Nakhon,17.348,99.9908
64,สุโขทัย,Sukhothai,6409,ทุ่งเสลี่ยม,Thung Saliam,17.3679,99.5673
64,สุโขทัย,Sukhothai,6402,บ้านด่านลานหอย,Ban Dan Lan Hoi,17.0061,99.5747
43,หนองคาย,Nong Khai,4316,รัตนวาปี,Rattanawapi,18.22,103.18
43,หนองคาย,Nong Khai,4317,โพธิ์ตาก,Pho Tak,17.9084,102.4151
43,หนองคาย,Nong Khai,4301,เมืองหนองคาย,Mueang Nong Khai,17.8379,102.7825
43,หนองคาย,Nong Khai,4302,ท่าบ่อ,Tha Bo,17.8064,102.5528
43,หนองคาย,Nong Khai,4305,โพนพิสัย,So Phisai,17.9309,103.1279
43,หนองคาย,Nong Khai,4307,ศรีเชียงใหม่,Si Chiang Mai,17.9382,102.4954
43,หนองคาย,Nong Khai,4308,สังคม,Sangkhom,18.0599,102.2319
43,หนองคาย,Nong Khai,4314,สระใคร,Sakhrai,17.658,102.6905
43,หนองคาย,Nong Khai,4315,เฝ้าไร่,Fao Rai,17.9895,103.2894
39,หนองบัวลำภู,Nong Bua Lamphu,3901,เมืองหนองบัวลำภู,Mueang Nong Bua Lam Phu,17.20406,102.44068
39,หนองบัวลำภู,Nong Bua Lamphu,3906,นาวัง,Na Wang,17.3429,102.07157
39,หนองบัวลำภู,Nong Bua Lamphu,3902,นากลาง,Na Klang,17.30722,102.18861
39,หนองบัวลำภู,Nong Bua Lamphu,3903,โนนสัง,Non Sang,16.8687,102.56642
39,หนองบัวลำภู,Nong Bua Lamphu,3905,สุวรรณคูหา,Suwannakhuha,17.54605,102.24852
39,หนองบัวลำภู,Nong Bua Lamphu,3904,ศรีบุญเรือง,Si Bun Rueang,16.96705,102.27607
37,อำนาจเจริญ,Amnat Charoen,3706,หัวตะพาน,Hua Taphan,15.67594,104.52702
37,อำนาจเจริญ,Amnat Charoen,3707,ลืออำนาจ,Lue Amnat,15.70781,104.71118
37,อำนาจเจริญ,Amnat Charoen,3705,เสนางคนิคม,Senangkhanikhom,16.0513,104.68441
37,อำนาจเจริญ,Amnat Charoen,3704,พนา,Phana,15.66895,104.85675
37,อำนาจเจริญ,Amnat Charoen,3703,ปทุมราชวงศา,Pathum Ratchawongsa,15.89542,104.89611
37,อำนาจเจริญ,Amnat Charoen,3702,ชานุมาน,Chanuman,16.12553,104.92279
37,อำนาจเจริญ,Amnat Charoen,3701,เมืองอำนาจเจริญ,Mueang Amnat Charoen,15.85851,104.62883
41,อุดรธานี,Udon Thani,4102,กุดจับ,Kut Chap,17.4255,102.5666
41,อุดรธานี,Udon Thani,4103,หนองวัวซอ,Nong Wua So,17.1625,102.5727
41,อุดรธานี,Udon Thani,4107,ทุ่งฝน,Thung Fon,17.4852,103.1971
41,อุดรธานี,Udon Thani,4110,วังสามหมอ,Wang Sam Mo,16.9497,103.4286
41,อุดรธานี,Udon Thani,4109,ศรีธาตุ,Si That,16.9727,103.2166
41,อุดรธานี,Udon Thani,4108,ไชยวาน,Chai Wan,17.2866,103.2233
41,อุดรธานี,Udon Thani,4101,เมืองอุดรธานี,Mueang Udon Thani,17.415,102.786667
41,อุดรธานี,Udon Thani,4104,กุมภวาปี,Kumphawapi,17.1095,103.0069
41,อุดรธานี,Udon Thani,4111,บ้านดุง,Ban Dung,17.7388,103.2202
41,อุดรธานี,Udon Thani,4120,สร้างคอม,Sang Khom,17.8255,103.0886
41,อุดรธานี,Udon Thani,4118,น้ำโสม,Nam Som,17.7705,102.1897
41,อุดรธานี,Udon Thani,4119,เพ็ญ,Phen,17.6646,102.9436
41,อุดรธานี,Udon Thani,4106,หนองหาน,Nong Han,17.3605,103.1055
41,อุดรธานี,Udon Thani,4121,หนองแสง,Nong Saeng,17.1675,102.7805
41,อุดรธานี,Udon Thani,4122,นายูง,Na Yung,17.9041,102.1175
41,อุดรธานี,Udon Thani,4123,พิบูลย์รักษ์,Phibun Rak,17.5491,103.0575
41,อุดรธานี,Udon Thani,4124,กู่แก้ว,Ku Kaeo,17.1722,103.153
41,อุดรธานี,Udon Thani,4125,ประจักษ์ศิลปาคม,Prachaksinlapakhom,17.2547,103.0011
41,อุดรธานี,Udon Thani,4117,บ้านผือ,Ban Phue,17.6875,102.4727
41,อุดรธานี,Udon Thani,4105,โนนสะอาด,Non Sa-at,16.9225,102.9436
53,อุตรดิตถ์,Uttaradit,5306,บ้านโคก,Ban Khok,18.0250,101.0700
53,อุตรดิตถ์,Uttaradit,5301,เมืองอุตรดิตถ์,Mueang Uttaradit,17.6256,100.0942
53,อุตรดิตถ์,Uttaradit,5302,ตรอน,Tron,17.47231,100.13467
53,อุตรดิตถ์,Uttaradit,5303,ท่าปลา,Tha Pla,17.85868,100.47061
53,อุตรดิตถ์,Uttaradit,5304,น้ำปาด,Nam Pat,17.728333,100.684444
53,อุตรดิตถ์,Uttaradit,5305,ฟากท่า,Fak Tha,17.992222,100.878611
53,อุตรดิตถ์,Uttaradit,5307,พิชัย,Phichai,17.35,100.05
53,อุตรดิตถ์,Uttaradit,5308,ลับแล,Laplae,17.65741,100.01484
53,อุตรดิตถ์,Uttaradit,5309,ทองแสนขัน,Thong Saen Khan,17.5414537,100.3048897
61,อุทัยธานี,Uthai Thani,6101,เมืองอุทัยธานี,Mueang Uthai Thani,15.37266518,100.0336665
61,อุทัยธานี,Uthai Thani,6107,ลานสัก,Lan Sak,15.52289,99.4611
61,อุทัยธานี,Uthai Thani,6106,บ้านไร่,Ban Rai,15.24921,99.32817
61,อุทัยธานี,Uthai Thani,6105,หนองขาหย่าง,Nong Khayang,15.362,99.929
61,อุทัยธานี,Uthai Thani,6104,หนองฉาง,Nong Chang,15.392,99.844
61,อุทัยธานี,Uthai Thani,6103,สว่างอารมณ์,Sawang Arom,15.6025,99.7849
61,อุทัยธานี,Uthai Thani,6108,ห้วยคต,Huai Khot,15.32761,99.51941
61,อุทัยธานี,Uthai Thani,6102,ทัพทัน,Thap Than,15.46063,99.89166
34,อุบลราชธานี,Ubon Ratchathani,3432,สว่างวีระวงศ์,Sawang Wirawong,15.23439,105.076
34,อุบลราชธานี,Ubon Ratchathani,3425,สิรินธร,Sirindhorn,15.11249,105.42837
34,อุบลราชธานี,Ubon Ratchathani,3415,วารินชำราบ,Warin Chamrap,15.19319,104.8628
34,อุบลราชธานี,Ubon Ratchathani,3414,ม่วงสามสิบ,Muang Sam Sip,15.517,104.733
34,อุบลราชธานี,Ubon Ratchathani,3401,เมืองอุบลราชธานี,Mueang Ubon Ratchathani,15.23844,104.84866
34,อุบลราชธานี,Ubon Ratchathani,3402,ศรีเมืองใหม่,Si Mueang Mai,15.483,105.283
34,อุบลราชธานี,Ubon Ratchathani,3403,โขงเจียม,Khong Chiam,15.45432,105.50363
34,อุบลราชธานี,Ubon Ratchathani,3412,กุดข้าวปุ้น,Kut Khaopun,15.81907,105.04066
34,อุบลราชธานี,Ubon Ratchathani,3419,พิบูลมังสาหาร,Phibun Mangsahan,15.24467,105.22908
34,อุบลราชธานี,Ubon Ratchathani,3411,ตระการพืชผล,Trakan Phuet Phon,15.6136,105.06444
34,อุบลราชธานี,Ubon Ratchathani,3409,น้ำยืน,Nam Yuen,14.488333,105
34,อุบลราชธานี,Ubon Ratchathani,3408,นาจะหลวย,Na Chaluai,14.56695,105.22367
34,อุบลราชธานี,Ubon Ratchathani,3407,เดชอุดม,Det Udom,14.90598,105.07836
34,อุบลราชธานี,Ubon Ratchathani,3405,เขมราฐ,Khemarat,15.97114,105.15168
34,อุบลราชธานี,Ubon Ratchathani,3404,เขื่องใน,Khueang Nai,15.39097,104.54363
34,อุบลราชธานี,Ubon Ratchathani,3426,ทุ่งศรีอุดม,Thung Si Udom,14.73303,104.90897
34,อุบลราชธานี,Ubon Ratchathani,3410,บุณฑริก,Buntharik,14.70495,105.40444
34,อุบลราชธานี,Ubon Ratchathani,3420,ตาลสุม,Tan Sum,15.39035,105.16273
34,อุบลราชธานี,Ubon Ratchathani,3421,โพธิ์ไทร,Pho Sai,15.76739,105.34339
34,อุบลราชธานี,Ubon Ratchathani,3429,นาเยีย,Na Yia,15.0414,105.05729
34,อุบลราชธานี,Ubon Ratchathani,3430,นาตาล,Na Tan,15.8991237,105.3014109
34,อุบลราชธานี,Ubon Ratchathani,3431,เหล่าเสือโก้ก,Lao Suea Kok,15.43952,104.91662
34,อุบลราชธานี,Ubon Ratchathani,3433,น้ำขุ่น,Nam Khun,14.55508,104.89872
34,อุบลราชธานี,Ubon Ratchathani,3424,ดอนมดแดง,Don Mot Daeng,15.37694,105.02107
34,อุบลราชธานี,Ubon Ratchathani,3422,สำโรง,Samrong,14.98532,104.79139
15,อ่างทอง,Ang Thong,1502,ไชโย,Chaiyo,14.6491667,100.4786111
15,อ่างทอง,Ang Thong,1503,ป่าโมก,Pa Mok,14.4862,100.4573
15,อ่างทอง,Ang Thong,1504,โพธิ์ทอง,Pho Thong,14.667,100.417
15,อ่างทอง,Ang Thong,1505,แสวงหา,Sawaeng Ha,14.74635,100.28963
15,อ่างทอง,Ang Thong,1506,วิเศษชัยชาญ,Wiset Chai Chan,14.5945,100.33825
15,อ่างทอง,Ang Thong,1501,เมืองอ่างทอง,Mueang Ang Thong,14.58883098,100.4543315
15,อ่างทอง,Ang Thong,1507,สามโก้,Samko,14.60731,100.2488
57,เชียงราย,Chiang Rai,5707,แม่จัน,Mae Chan,20.146667,99.853333
57,เชียงราย,Chiang Rai,5718,ดอยหลวง,Doi Luang,20.118333,100.1
57,เชียงราย,Chiang Rai,5708,เชียงแสน,Chiang Saen,20.275,100.088333
57,เชียงราย,Chiang Rai,5717,เวียงเชียงรุ้ง,Wiang Chiang Rung,20.011667,100.056667
57,เชียงราย,Chiang Rai,5715,แม่ฟ้าหลวง,Mae Fa Luang,20.266667,99.8
57,เชียงราย,Chiang Rai,5706,ป่าแดด,Pa Daet,19.503333,99.993333
57,เชียงราย,Chiang Rai,5705,พาน,Phan,19.553889,99.740556
57,เชียงราย,Chiang Rai,5704,เทิง,Thoeng,19.685,100.193333
57,เชียงราย,Chiang Rai,5703,เชียงของ,Chiang Khong,20.26,100.406667
57,เชียงราย,Chiang Rai,5716,แม่ลาว,Mae Lao,19.79,99.699722
57,เชียงราย,Chiang Rai,5701,เมืองเชียงราย,Mueang Chiang Rai,19.908611,99.8325
57,เชียงราย,Chiang Rai,5702,เวียงชัย,Wiang Chai,19.883056,99.933056
57,เชียงราย,Chiang Rai,5710,แม่สรวย,Mae Suai,19.656667,99.541667
57,เชียงราย,Chiang Rai,5711,เวียงป่าเป้า,Wiang Pa Pao,19.3046,99.44925
57,เชียงราย,Chiang Rai,5712,พญาเม็งราย,Phaya Mengrai,19.848333,100.153333
57,เชียงราย,Chiang Rai,5713,เวียงแก่น,Wiang Kaen,20.111667,100.513333
57,เชียงราย,Chiang Rai,5714,ขุนตาล,Khun Tan,19.833333,100.258333
57,เชียงราย,Chiang Rai,5709,แม่สาย,Mae Sai,20.428056,99.883611
50,เชียงใหม่,Chiang Mai,5001,เมืองเชียงใหม่,Mueang Chiang Mai,18.8065,98.9466
50,เชียงใหม่,Chiang Mai,5003,แม่แจ่ม,Mae Chaem,18.7142,98.3965
50,เชียงใหม่,Chiang Mai,5004,เชียงดาว,Chiang Dao,19.4438,98.9245
50,เชียงใหม่,Chiang Mai,5012,สันป่าตอง,San Pa Tong,18.5732,98.9025
50,เชียงใหม่,Chiang Mai,5006,แม่แตง,Mae Taeng,19.2102,98.8804
50,เชียงใหม่,Chiang Mai,5002,จอมทอง,Chom Thong,18.3746,98.6161
50,เชียงใหม่,Chiang Mai,5024,ดอยหล่อ,Doi Lo,18.5303,98.8142
50,เชียงใหม่,Chiang Mai,5023,แม่ออน,Mae On,18.7421,99.3007
50,เชียงใหม่,Chiang Mai,5022,แม่วาง,Mae Wang,18.6777,98.6821
50,เชียงใหม่,Chiang Mai,5021,ไชยปราการ,Chai Prakan,19.6686,99.1456
50,เชียงใหม่,Chiang Mai,5020,เวียงแหง,Wiang Haeng,19.6004,98.6161
50,เชียงใหม่,Chiang Mai,5019,สารภี,Saraphi,18.7081,99.035
50,เชียงใหม่,Chiang Mai,5005,ดอยสะเก็ด,Doi Saket,18.9348,99.2121
50,เชียงใหม่,Chiang Mai,5017,ดอยเต่า,Doi Tao,17.9004,98.7041
50,เชียงใหม่,Chiang Mai,5016,ฮอด,Hot,18.1001,98.4404
50,เชียงใหม่,Chiang Mai,5015,หางดง,Hang Dong,18.6869,98.9188
50,เชียงใหม่,Chiang Mai,5014,สันทราย,San Sai,18.9435,99.035
50,เชียงใหม่,Chiang Mai,5018,อมก๋อย,Omkoi,17.6338,98.3527
50,เชียงใหม่,Chiang Mai,5011,พร้าว,Phrao,19.2869,99.2342
50,เชียงใหม่,Chiang Mai,5010,แม่อาย,Mae Ai,20.0762,99.2453
50,เชียงใหม่,Chiang Mai,5009,ฝาง,Fang,19.8573,99.1456
50,เชียงใหม่,Chiang Mai,5008,สะเมิง,Samoeng,18.9399,98.6161
50,เชียงใหม่,Chiang Mai,5007,แม่ริม,Mae Rim,18.9138,98.945
50,เชียงใหม่,Chiang Mai,5013,สันกำแพง,San Kamphaeng,18.7477,99.1197
76,เพชรบุรี,Phetchaburi,7608,แก่งกระจาน,Kaeng Krachan,12.85919,99.46339
76,เพชรบุรี,Phetchaburi,7607,บ้านแหลม,Ban Laem,13.16968,99.98771
76,เพชรบุรี,Phetchaburi,7606,บ้านลาด,Ban Lat,13.04533,99.83788
76,เพชรบุรี,Phetchaburi,7602,เขาย้อย,Khao Yoi,13.24025,99.82428
76,เพชรบุรี,Phetchaburi,7604,ชะอำ,Cha-am,12.8,99.96667
76,เพชรบุรี,Phetchaburi,7603,หนองหญ้าปล้อง,Nong Ya Plong,13.1259,99.4688
76,เพชรบุรี,Phetchaburi,7601,เมืองเพชรบุรี,Mueang Phetchaburi,13.08173,99.96721
76,เพชรบุรี,Phetchaburi,7605,ท่ายาง,Tha Yang,12.95772,99.90555
67,เพชรบูรณ์,Phetchabun,6701,เมืองเพชรบูรณ์,Mueang Phetchabun,16.3266,101.2524
67,เพชรบูรณ์,Phetchabun,6703,หล่มสัก,Lom Sak,16.6981,101.2524
67,เพชรบูรณ์,Phetchabun,6704,หล่มเก่า,Lom Kao,17.0212,101.2977
67,เพชรบูรณ์,Phetchabun,6705,วิเชียรบุรี,Wichian Buri,15.6572,101.1066
67,เพชรบูรณ์,Phetchabun,6706,ศรีเทพ,Si Thep,15.4495,101.207
67,เพชรบูรณ์,Phetchabun,6707,หนองไผ่,Nong Phai,16.0093,101.1164
67,เพชรบูรณ์,Phetchabun,6708,บึงสามพัน,Bueng Sam Phan,15.8333,100.9355
67,เพชรบูรณ์,Phetchabun,6709,น้ำหนาว,Nam Nao,16.8198,101.5703
67,เพชรบูรณ์,Phetchabun,6702,ชนแดน,Chon Daen,16.116,100.8451
67,เพชรบูรณ์,Phetchabun,6710,วังโป่ง,Wang Pong,16.3725,100.8226
67,เพชรบูรณ์,Phetchabun,6711,เขาค้อ,Khao Kho,16.5757,100.9355
42,เลย,Loei,4202,นาด้วง,Na Duang,17.5371,102.0261
42,เลย,Loei,4201,เมืองเลย,Mueang Loei,17.5537,101.7524
42,เลย,Loei,4214,หนองหิน,Nong Hin,17.1075,101.8208
42,เลย,Loei,4213,เอราวัณ,Erawan,17.2854,101.9576
42,เลย,Loei,4212,ผาขาว,Pha Khao,17.0502,102.0033
42,เลย,Loei,4211,ภูหลวง,Phu Luang,17.0936,101.6613
42,เลย,Loei,4210,ภูกระดึง,Phu Kradueng,16.897,101.8436
42,เลย,Loei,4208,ท่าลี่,Tha Li,17.6631,101.4793
42,เลย,Loei,4207,ภูเรือ,Phu Ruea,17.3887,101.3885
42,เลย,Loei,4206,นาแห้ว,Na Haeo,17.4091,101.0259
42,เลย,Loei,4205,ด่านซ้าย,Dan Sai,17.2126,101.207
42,เลย,Loei,4204,ปากชม,Pak Chom,18.0216,101.8883
42,เลย,Loei,4203,เชียงคาน,Chiang Khan,17.8334,101.7524
42,เลย,Loei,4209,วังสะพุง,Wang Saphung,17.2743,101.7524
54,แพร่,Phrae,5407,วังชิ้น,Wang Chin,17.86667,99.6499
54,แพร่,Phrae,5408,หนองม่วงไข่,Nong Muang Khai,18.267,100.2
54,แพร่,Phrae,5406,สอง,Song,18.5769,100.2152
54,แพร่,Phrae,5401,เมืองแพร่,Mueang Phrae,18.14589,100.14103
54,แพร่,Phrae,5404,สูงเม่น,Sung Men,18.04356,100.10312
54,แพร่,Phrae,5403,ลอง,Long,18.075,99.83167
54,แพร่,Phrae,5402,ร้องกวาง,Rong Kwang,18.33903,100.31736
54,แพร่,Phrae,5405,เด่นชัย,Den Chai,17.98372,100.05217
58,แม่ฮ่องสอน,Mae Hong Son,5801,เมืองแม่ฮ่องสอน,Mueang Mae Hong Son,19.303889,97.977222
58,แม่ฮ่องสอน,Mae Hong Son,5802,ขุนยวม,Khun Yuam,18.839444,97.951389
58,แม่ฮ่องสอน,Mae Hong Son,5803,ปาย,Pai,19.358611,98.44
58,แม่ฮ่องสอน,Mae Hong Son,5804,แม่สะเรียง,Mae Sariang,18.159444,97.933611
58,แม่ฮ่องสอน,Mae Hong Son,5805,แม่ลาน้อย,Mae La Noi,18.384444,97.936944
58,แม่ฮ่องสอน,Mae Hong Son,5806,สบเมย,Sop Moei,17.961944,97.933333
58,แม่ฮ่องสอน,Mae Hong Son,5807,ปางมะผ้า,Pang Mapha,19.5225,98.246111